image_url,equipment_type
https://c2bfe19d1ca0edc50ce2-ce1e1891d5288622161b9aa342eed946.ssl.cf5.rackcdn.com/images/97743c39-5f12-47dd-873a-f98d7115dbb4/bauer_4500_helmet.jpg,helmet
https://c2bfe19d1ca0edc50ce2-ce1e1891d5288622161b9aa342eed946.ssl.cf5.rackcdn.com/images/97743c7e-72d0-4e15-8ad8-813aeb533876/bauer_5100_helmet.jpg,helmet
https://c2bfe19d1ca0edc50ce2-ce1e1891d5288622161b9aa342eed946.ssl.cf5.rackcdn.com/images/99083eb5-3eb6-4902-aeb8-456562073f05/bauer_55p-blade-cut_visor.jpg,visor
https://c2bfe19d1ca0edc50ce2-ce1e1891d5288622161b9aa342eed946.ssl.cf5.rackcdn.com/images/99083ebd-f0da-4a5b-8491-485d8135144f/bauer_55p-x-cut_visor.jpg,visor
https://c2bfe19d1ca0edc50ce2-ce1e1891d5288622161b9aa342eed946.ssl.cf5.rackcdn.com/images/9c353505-db3f-4026-b4de-f91de7adfaa1/bauer_7500_helmet.jpg,helmet
https://c2bfe19d1ca0edc50ce2-ce1e1891d5288622161b9aa342eed946.ssl.cf5.rackcdn.com/images/9c3535a7-f5f5-4288-a709-bb93ab742129/bauer_960_mask.jpg,mask
https://c2bfe19d1ca0edc50ce2-ce1e1891d5288622161b9aa342eed946.ssl.cf5.rackcdn.com/images/99083ede-0c75-4aa6-a0ba-7c80ba4257c3/bauer_aviator-cut_visor.jpg,visor
https://c2bfe19d1ca0edc50ce2-ce1e1891d5288622161b9aa342eed946.ssl.cf5.rackcdn.com/images/9c1b238c-f281-4c80-8003-1c5b514a1fe7/bauer_konekt2_goalie-skates.jpg,skates
https://c2bfe19d1ca0edc50ce2-ce1e1891d5288622161b9aa342eed946.ssl.cf5.rackcdn.com/images/9c35362b-e22e-4300-b190-8915347a09fe/bauer_konekt_goalie-skates.jpg,skates
https://c2bfe19d1ca0edc50ce2-ce1e1891d5288622161b9aa342eed946.ssl.cf5.rackcdn.com/images/9c352f50-19c2-45ae-bab0-ad892dde42f7/bauer_(-my-bauer)-re--akt_helmet.jpg,helmet
https://c2bfe19d1ca0edc50ce2-ce1e1891d5288622161b9aa342eed946.ssl.cf5.rackcdn.com/images/9c511870-cb85-48d1-b073-643efd13d17e/bauer_nexus2-n-pro_stick.jpg,stick
https://c2bfe19d1ca0edc50ce2-ce1e1891d5288622161b9aa342eed946.ssl.cf5.rackcdn.com/images/97743cb6-940d-439e-8301-80f3c7e3df3b/bauer_nexus2n_skates.jpg,skates
https://c2bfe19d1ca0edc50ce2-ce1e1891d5288622161b9aa342eed946.ssl.cf5.rackcdn.com/images/9c534423-2edc-42d3-987e-fc97a0b24857/bauer_nexus-geo_stick.jpg,stick
https://c2bfe19d1ca0edc50ce2-ce1e1891d5288622161b9aa342eed946.ssl.cf5.rackcdn.com/images/9c6b9ace-541b-4d08-b8eb-714307ad7e56/bauer_nexus-sync_stick.jpg,stick
https://c2bfe19d1ca0edc50ce2-ce1e1891d5288622161b9aa342eed946.ssl.cf5.rackcdn.com/images/9c610cdb-a957-47ed-976f-d222dadeb91f/bauer_nexus-tracer_stick.jpg,stick
https://c2bfe19d1ca0edc50ce2-ce1e1891d5288622161b9aa342eed946.ssl.cf5.rackcdn.com/images/9c35369c-afe9-4971-bb18-92cab2954455/bauer_n-m-e-one_mask.jpg,mask
https://c2bfe19d1ca0edc50ce2-ce1e1891d5288622161b9aa342eed946.ssl.cf5.rackcdn.com/images/99084263-d149-4b2b-821d-58606717eee9/bauer_pants.jpg,pants
https://c2bfe19d1ca0edc50ce2-ce1e1891d5288622161b9aa342eed946.ssl.cf5.rackcdn.com/images/9c3537ee-b89d-44da-a855-d28da9c6814b/bauer_pro_goalie-skates.jpg,skates
https://c2bfe19d1ca0edc50ce2-ce1e1891d5288622161b9aa342eed946.ssl.cf5.rackcdn.com/images/9c1d2ce9-a18c-46fa-bfcd-76d9c54e9943/bauer_pro-series_glove.jpg,gloves
https://c2bfe19d1ca0edc50ce2-ce1e1891d5288622161b9aa342eed946.ssl.cf5.rackcdn.com/images/9c518927-9738-4014-bbd2-56e4adea0f06/bauer_proto-r_stick.jpg,stick
https://c2bfe19d1ca0edc50ce2-ce1e1891d5288622161b9aa342eed946.ssl.cf5.rackcdn.com/images/97743c07-f342-4e89-8fd8-810763139422/bauer_re-akt100_helmet.jpg,helmet
https://c2bfe19d1ca0edc50ce2-ce1e1891d5288622161b9aa342eed946.ssl.cf5.rackcdn.com/images/97743c06-896b-4fae-ad0f-ae5ea13fabc0/bauer_re-akt150_helmet.jpg,helmet
https://c2bfe19d1ca0edc50ce2-ce1e1891d5288622161b9aa342eed946.ssl.cf5.rackcdn.com/images/9c735141-c9eb-4cdf-9fbe-2788bb147629/bauer_re--akt155_helmet.jpg,helmet
https://c2bfe19d1ca0edc50ce2-ce1e1891d5288622161b9aa342eed946.ssl.cf5.rackcdn.com/images/9b600d80-d870-4e04-a261-c56835c02313/bauer_re--akt65_helmet.jpg,helmet
https://c2bfe19d1ca0edc50ce2-ce1e1891d5288622161b9aa342eed946.ssl.cf5.rackcdn.com/images/979a2543-5f05-4014-a0a5-7a5d21f18481/bauer_re-akt85_helmet.jpg,helmet
https://c2bfe19d1ca0edc50ce2-ce1e1891d5288622161b9aa342eed946.ssl.cf5.rackcdn.com/images/97743c78-0755-40db-9052-bc5f97c54527/bauer_re-akt95_helmet.jpg,helmet
https://c2bfe19d1ca0edc50ce2-ce1e1891d5288622161b9aa342eed946.ssl.cf5.rackcdn.com/images/97743c32-fb4e-4562-a6e7-a95937124ea7/bauer_re-akt_helmet.jpg,helmet
https://c2bfe19d1ca0edc50ce2-ce1e1891d5288622161b9aa342eed946.ssl.cf5.rackcdn.com/images/9c1d2d10-6108-48ad-a792-7443e428b026/bauer_supreme1-s_glove.jpg,gloves
https://c2bfe19d1ca0edc50ce2-ce1e1891d5288622161b9aa342eed946.ssl.cf5.rackcdn.com/images/9c1d2d64-4d93-4749-859e-2e5229c7adb6/bauer_supreme2-s-pro_glove.jpg,gloves
https://c2bfe19d1ca0edc50ce2-ce1e1891d5288622161b9aa342eed946.ssl.cf5.rackcdn.com/images/97743c0a-8f37-4944-b175-61a98d14fee3/bauer_supreme2s-pro_skates.jpg,skates
https://c2bfe19d1ca0edc50ce2-ce1e1891d5288622161b9aa342eed946.ssl.cf5.rackcdn.com/images/9c51190f-3b5c-4c55-badf-b1f9859eb08f/bauer_supreme2-s-pro_stick.jpg,stick
https://c2bfe19d1ca0edc50ce2-ce1e1891d5288622161b9aa342eed946.ssl.cf5.rackcdn.com/images/9c353aa5-4e81-4669-bdcd-156664b5c2fe/bauer_supreme-mach_blocker.jpg,blocker
https://c2bfe19d1ca0edc50ce2-ce1e1891d5288622161b9aa342eed946.ssl.cf5.rackcdn.com/images/9c1d2d86-983d-4d51-aded-e36f842a155d/bauer_supreme-mach_glove.jpg,gloves
https://c2bfe19d1ca0edc50ce2-ce1e1891d5288622161b9aa342eed946.ssl.cf5.rackcdn.com/images/9c353b20-6ff3-42ac-8f3a-27b150c5d5e1/bauer_supreme-mach_goalie-glove.jpg,glove
https://c2bfe19d1ca0edc50ce2-ce1e1891d5288622161b9aa342eed946.ssl.cf5.rackcdn.com/images/9c633c16-5419-4cf8-9f53-0bd32f39a454/bauer_supreme-mach_goalie-stick.jpg,stick
https://c2bfe19d1ca0edc50ce2-ce1e1891d5288622161b9aa342eed946.ssl.cf5.rackcdn.com/images/9c353d0c-069e-4289-875d-003ff8584ebe/bauer_supreme-mach_pads.jpg,pads
https://c2bfe19d1ca0edc50ce2-ce1e1891d5288622161b9aa342eed946.ssl.cf5.rackcdn.com/images/979a250c-8e41-4a83-9a3a-6e1c2e21256c/bauer_supreme-mach_skates.jpg,skates
https://c2bfe19d1ca0edc50ce2-ce1e1891d5288622161b9aa342eed946.ssl.cf5.rackcdn.com/images/9c1b2317-09d9-4981-bdd2-bec3dd9f2766/bauer_supreme-shadow_blocker.jpg,blocker
https://c2bfe19d1ca0edc50ce2-ce1e1891d5288622161b9aa342eed946.ssl.cf5.rackcdn.com/images/9c1b2340-1c94-4b97-a477-20d22dc4429c/bauer_supreme-shadow_goalie-glove.jpg,glove
https://c2bfe19d1ca0edc50ce2-ce1e1891d5288622161b9aa342eed946.ssl.cf5.rackcdn.com/images/9c6342ca-ff7f-4e34-9aba-6b97cba510a7/bauer_supreme-shadow_goalie-stick.jpg,stick
https://c2bfe19d1ca0edc50ce2-ce1e1891d5288622161b9aa342eed946.ssl.cf5.rackcdn.com/images/9c1b2366-2f74-4601-8507-b65332f115bd/bauer_supreme-shadow_pads.jpg,pads
https://c2bfe19d1ca0edc50ce2-ce1e1891d5288622161b9aa342eed946.ssl.cf5.rackcdn.com/images/9c1b28d0-39bb-4fea-ab81-746b294c00ed/bauer_supreme-shadow_skates.jpg,skates
https://c2bfe19d1ca0edc50ce2-ce1e1891d5288622161b9aa342eed946.ssl.cf5.rackcdn.com/images/97743d4c-a855-4e18-b38c-d89d9feb65ab/bauer_supreme-totalone-nxg_stick.jpg,stick
https://c2bfe19d1ca0edc50ce2-ce1e1891d5288622161b9aa342eed946.ssl.cf5.rackcdn.com/images/9c1d2da7-296b-40c3-88be-08b95cf0466b/bauer_supreme-ultrasonic_glove.jpg,gloves
https://c2bfe19d1ca0edc50ce2-ce1e1891d5288622161b9aa342eed946.ssl.cf5.rackcdn.com/images/9c353ef7-7387-4f85-bc3d-324bc160eddf/bauer_supreme-ultrasonic_goalie-skates.jpg,skates
https://c2bfe19d1ca0edc50ce2-ce1e1891d5288622161b9aa342eed946.ssl.cf5.rackcdn.com/images/97743c09-0b71-4220-83fc-4ee60d39a7a5/bauer_supreme-ultra-sonic_skates.jpg,skates
https://c2bfe19d1ca0edc50ce2-ce1e1891d5288622161b9aa342eed946.ssl.cf5.rackcdn.com/images/9ef4f5d0-15d4-4800-98b2-72b7116b7d34/bauer_s-v--pro_blocker.jpg,blocker
https://c2bfe19d1ca0edc50ce2-ce1e1891d5288622161b9aa342eed946.ssl.cf5.rackcdn.com/images/9ef4f5e6-0b6a-4dfa-ab38-d3da1abc84c0/bauer_s-v--pro_goalie-glove.jpg,glove
https://c2bfe19d1ca0edc50ce2-ce1e1891d5288622161b9aa342eed946.ssl.cf5.rackcdn.com/images/9ef4f5fc-b73c-4e22-ae54-ffdeb4113997/bauer_s-v--pro_pads.jpg,pads
https://c2bfe19d1ca0edc50ce2-ce1e1891d5288622161b9aa342eed946.ssl.cf5.rackcdn.com/images/9d365f9c-c0c5-4abe-b892-839d64d024a3/bauer_twitch_stick.jpg,stick
https://c2bfe19d1ca0edc50ce2-ce1e1891d5288622161b9aa342eed946.ssl.cf5.rackcdn.com/images/97743bfa-0b88-4e5c-8273-2efcfb78da60/bauer_vapor1x2.0_skates.jpg,skates
https://c2bfe19d1ca0edc50ce2-ce1e1891d5288622161b9aa342eed946.ssl.cf5.rackcdn.com/images/9c1d2dc9-2bbe-447d-89b2-f82746824db0/bauer_vapor1-x_glove.jpg,gloves
https://c2bfe19d1ca0edc50ce2-ce1e1891d5288622161b9aa342eed946.ssl.cf5.rackcdn.com/images/9c1d2e38-51ed-4a54-aa3b-6f61df414cc8/bauer_vapor1-x-lite_glove.jpg,gloves
https://c2bfe19d1ca0edc50ce2-ce1e1891d5288622161b9aa342eed946.ssl.cf5.rackcdn.com/images/9c1d2e70-c32d-4f12-8839-919a155a819d/bauer_vapor2-x-pro_glove.jpg,gloves
https://c2bfe19d1ca0edc50ce2-ce1e1891d5288622161b9aa342eed946.ssl.cf5.rackcdn.com/images/9c354034-a53e-42fa-a505-93468d411fdb/bauer_vapor2-x-pro_goalie-skates.jpg,skates
https://c2bfe19d1ca0edc50ce2-ce1e1891d5288622161b9aa342eed946.ssl.cf5.rackcdn.com/images/97743c36-b6b8-45b4-a98a-ec41f0f77c9f/bauer_vapor2x-pro_skates.jpg,skates
https://c2bfe19d1ca0edc50ce2-ce1e1891d5288622161b9aa342eed946.ssl.cf5.rackcdn.com/images/9ef4f794-0a99-438a-b014-6b49e0cd831d/bauer_vapor-fly-lite_blocker.jpg,blocker
https://c2bfe19d1ca0edc50ce2-ce1e1891d5288622161b9aa342eed946.ssl.cf5.rackcdn.com/images/9ef4f7a9-c20d-4807-b56a-2aff91054af7/bauer_vapor-fly-lite_goalie-glove.jpg,glove
https://c2bfe19d1ca0edc50ce2-ce1e1891d5288622161b9aa342eed946.ssl.cf5.rackcdn.com/images/9ef4f7c1-2c42-4aef-995e-df27725331df/bauer_vapor-fly-lite_pads.jpg,pads
https://c2bfe19d1ca0edc50ce2-ce1e1891d5288622161b9aa342eed946.ssl.cf5.rackcdn.com/images/9f1d4e28-853b-48f5-9084-60bd416236ba/bauer_vapor-fly-lite_skates.jpg,skates
https://c2bfe19d1ca0edc50ce2-ce1e1891d5288622161b9aa342eed946.ssl.cf5.rackcdn.com/images/9c534a4d-904f-4961-a576-d96a676009d0/bauer_vapor-fly-lite_stick.jpg,stick
https://c2bfe19d1ca0edc50ce2-ce1e1891d5288622161b9aa342eed946.ssl.cf5.rackcdn.com/images/9c3544e3-b34d-4a63-be30-0a8f31910293/bauer_vapor-hyper-lite2_blocker.jpg,blocker
https://c2bfe19d1ca0edc50ce2-ce1e1891d5288622161b9aa342eed946.ssl.cf5.rackcdn.com/images/9c354501-535e-4cd3-a0d1-24dfd0e2fe4f/bauer_vapor-hyper-lite2_goalie-glove.jpg,glove
https://c2bfe19d1ca0edc50ce2-ce1e1891d5288622161b9aa342eed946.ssl.cf5.rackcdn.com/images/9c633bf8-232d-419a-9bc9-685d7cf7ecdb/bauer_vapor-hyper-lite2_goalie-stick.jpg,stick
https://c2bfe19d1ca0edc50ce2-ce1e1891d5288622161b9aa342eed946.ssl.cf5.rackcdn.com/images/9c354529-632c-4641-8bf5-e53cde0706c5/bauer_vapor-hyper-lite2_pads.jpg,pads
https://c2bfe19d1ca0edc50ce2-ce1e1891d5288622161b9aa342eed946.ssl.cf5.rackcdn.com/images/9a7048b7-ee36-4111-8818-9ce091dfd4a2/bauer_vapor-hyperlite2_skates.jpg,skates
https://c2bfe19d1ca0edc50ce2-ce1e1891d5288622161b9aa342eed946.ssl.cf5.rackcdn.com/images/9c6b9b0e-faa9-4e95-a52e-a8e14edcd498/bauer_vapor-hyper-lite2_stick.jpg,stick
https://c2bfe19d1ca0edc50ce2-ce1e1891d5288622161b9aa342eed946.ssl.cf5.rackcdn.com/images/9c3542b4-9210-44bd-996a-708f2e67b529/bauer_vapor-hyper-lite_blocker.jpg,blocker
https://c2bfe19d1ca0edc50ce2-ce1e1891d5288622161b9aa342eed946.ssl.cf5.rackcdn.com/images/9c1d2eca-ec61-46be-812d-e2695199092e/bauer_vapor-hyper-lite_glove.jpg,gloves
https://c2bfe19d1ca0edc50ce2-ce1e1891d5288622161b9aa342eed946.ssl.cf5.rackcdn.com/images/9c3542cf-6bdc-4379-a9e0-abe6bc80ffdf/bauer_vapor-hyper-lite_goalie-glove.jpg,glove
https://c2bfe19d1ca0edc50ce2-ce1e1891d5288622161b9aa342eed946.ssl.cf5.rackcdn.com/images/979a24fc-14d2-4a7f-80b5-3a54e233a8b9/bauer_vapor-hyperlite_skates.jpg,skates
https://c2bfe19d1ca0edc50ce2-ce1e1891d5288622161b9aa342eed946.ssl.cf5.rackcdn.com/images/9c5345e8-f2bc-4f7c-a85a-34b89f2eb207/bauer_vapor-hyper-lite_stick.jpg,stick
https://c2bfe19d1ca0edc50ce2-ce1e1891d5288622161b9aa342eed946.ssl.cf5.rackcdn.com/images/9d7caf10-bd14-4212-ab51-23b679e7e120/brians_eclipse-iconik_goalie-glove.jpg,glove
https://c2bfe19d1ca0edc50ce2-ce1e1891d5288622161b9aa342eed946.ssl.cf5.rackcdn.com/images/9b498726-d6c9-42f1-8838-80418cc0d053/brians_iconik_blocker.jpg,blocker
https://c2bfe19d1ca0edc50ce2-ce1e1891d5288622161b9aa342eed946.ssl.cf5.rackcdn.com/images/9b38039f-3971-40f4-9718-4bd47072d9f7/brians_iconik_pads.jpg,pads
https://c2bfe19d1ca0edc50ce2-ce1e1891d5288622161b9aa342eed946.ssl.cf5.rackcdn.com/images/9d7cb39c-2f11-4166-8fac-e63a36442d7b/brians_optik4_blocker.jpg,blocker
https://c2bfe19d1ca0edc50ce2-ce1e1891d5288622161b9aa342eed946.ssl.cf5.rackcdn.com/images/9d7cb3af-278e-479c-9240-002d7eb215a7/brians_optik4_goalie-glove.jpg,glove
https://c2bfe19d1ca0edc50ce2-ce1e1891d5288622161b9aa342eed946.ssl.cf5.rackcdn.com/images/9d7cb3c4-2c78-4a37-8036-68d5f76a787b/brians_optik4_pads.jpg,pads
https://c2bfe19d1ca0edc50ce2-ce1e1891d5288622161b9aa342eed946.ssl.cf5.rackcdn.com/images/9c9bb162-7db0-4e75-9519-dae58c67c9b7/ccm_4--roll-pro_glove.png,gloves
https://c2bfe19d1ca0edc50ce2-ce1e1891d5288622161b9aa342eed946.ssl.cf5.rackcdn.com/images/9c9baa05-b86b-4101-8a15-2a7e79a4ffff/ccm_4--roll-pro-i-i_glove.jpg,gloves
https://c2bfe19d1ca0edc50ce2-ce1e1891d5288622161b9aa342eed946.ssl.cf5.rackcdn.com/images/9c354bde-8f85-44f6-a29a-17c8615bad98/ccm_axis-pro_mask.jpg,mask
https://c2bfe19d1ca0edc50ce2-ce1e1891d5288622161b9aa342eed946.ssl.cf5.rackcdn.com/images/9a66f947-18b2-45b4-a140-2308706a732e/ccm_axis-xf_mask.png,mask
https://c2bfe19d1ca0edc50ce2-ce1e1891d5288622161b9aa342eed946.ssl.cf5.rackcdn.com/images/9c1b22de-986d-4f27-800a-c309299290c9/ccm_axis-x-f-pro_blocker.jpg,blocker
https://c2bfe19d1ca0edc50ce2-ce1e1891d5288622161b9aa342eed946.ssl.cf5.rackcdn.com/images/9c1b226a-8b8e-4a52-b727-039cdccf419d/ccm_axis-x-f-pro_goalie-glove.jpg,glove
https://c2bfe19d1ca0edc50ce2-ce1e1891d5288622161b9aa342eed946.ssl.cf5.rackcdn.com/images/9c63430e-eebd-462e-b52c-7e87c9df288d/ccm_x-f-pro_goalie-stick.jpg,stick
https://c2bfe19d1ca0edc50ce2-ce1e1891d5288622161b9aa342eed946.ssl.cf5.rackcdn.com/images/9c1b22aa-e8ba-4748-b81a-7f4e8fd4558a/ccm_axis-x-f-pro_pads.jpg,pads
https://c2bfe19d1ca0edc50ce2-ce1e1891d5288622161b9aa342eed946.ssl.cf5.rackcdn.com/images/9c1d2f2e-18b1-4ab3-bab1-943c635e371d/ccm_c-l-pro_glove.jpg,gloves
https://c2bfe19d1ca0edc50ce2-ce1e1891d5288622161b9aa342eed946.ssl.cf5.rackcdn.com/images/9c6347a9-019f-4d33-8844-6bbfeb8ffadd/ccm_e-flex5-pro-lite_goalie-stick.jpg,stick
https://c2bfe19d1ca0edc50ce2-ce1e1891d5288622161b9aa342eed946.ssl.cf5.rackcdn.com/images/9c354e19-f841-47f5-a496-59c7bb4c8f83/ccm_e-flex6_blocker.jpg,blocker
https://c2bfe19d1ca0edc50ce2-ce1e1891d5288622161b9aa342eed946.ssl.cf5.rackcdn.com/images/9c354e41-36d1-4392-888b-f5acee778a58/ccm_e-flex6_goalie-glove.jpg,glove
https://c2bfe19d1ca0edc50ce2-ce1e1891d5288622161b9aa342eed946.ssl.cf5.rackcdn.com/images/9c1ad94e-0e37-40ce-b593-d377dbbb42cd/ccm_e-flex6_goalie-skates.jpg,skates
https://c2bfe19d1ca0edc50ce2-ce1e1891d5288622161b9aa342eed946.ssl.cf5.rackcdn.com/images/9c354ec9-eaf7-4847-94aa-4cf3c27476bb/ccm_e-flex6_pads.jpg,pads
https://c2bfe19d1ca0edc50ce2-ce1e1891d5288622161b9aa342eed946.ssl.cf5.rackcdn.com/images/9ea4870d-0aca-4df1-9ce9-995d1f13a3ec/ccm_e-flex7-pro_blocker.jpg,blocker
https://c2bfe19d1ca0edc50ce2-ce1e1891d5288622161b9aa342eed946.ssl.cf5.rackcdn.com/images/9ea486e9-feb6-4764-b114-3cfe0554f752/ccm_e-flex7-pro_goalie-glove.jpg,glove
https://c2bfe19d1ca0edc50ce2-ce1e1891d5288622161b9aa342eed946.ssl.cf5.rackcdn.com/images/9ea48640-cf4c-456d-906e-95739ee2ad7a/ccm_e-flex7-pro_pads.jpg,pads
https://c2bfe19d1ca0edc50ce2-ce1e1891d5288622161b9aa342eed946.ssl.cf5.rackcdn.com/images/97743c0f-b14b-4851-ac3d-1a091af2c5ca/ccm_fitlite80_helmet.jpg,helmet
https://c2bfe19d1ca0edc50ce2-ce1e1891d5288622161b9aa342eed946.ssl.cf5.rackcdn.com/images/9c511985-880e-4b20-a314-63354654d9dc/ccm_f-t-ghost_stick.jpg,stick
https://c2bfe19d1ca0edc50ce2-ce1e1891d5288622161b9aa342eed946.ssl.cf5.rackcdn.com/images/9c1d2f69-cc13-4a25-b140-7e14fff8649f/ccm_h-g10-k-n_glove.jpg,gloves
https://c2bfe19d1ca0edc50ce2-ce1e1891d5288622161b9aa342eed946.ssl.cf5.rackcdn.com/images/9c1d2f7e-989a-4c18-9bc5-3bd90c2c9041/ccm_h-g12_glove.jpg,gloves
https://c2bfe19d1ca0edc50ce2-ce1e1891d5288622161b9aa342eed946.ssl.cf5.rackcdn.com/images/9ca5a4b7-fb35-47f7-95be-50907431ec8d/ccm_h-g43_glove.png,gloves
https://c2bfe19d1ca0edc50ce2-ce1e1891d5288622161b9aa342eed946.ssl.cf5.rackcdn.com/images/9c1d300a-6e61-4a0d-a9c5-59b6aa748c38/ccm_jetspeed-f-t1_glove.jpg,gloves
https://c2bfe19d1ca0edc50ce2-ce1e1891d5288622161b9aa342eed946.ssl.cf5.rackcdn.com/images/9c355182-c622-44a1-8ed3-4904fd71c00b/ccm_jet-speed-f-t2_goalie-skates.jpg,skates
https://c2bfe19d1ca0edc50ce2-ce1e1891d5288622161b9aa342eed946.ssl.cf5.rackcdn.com/images/97743c01-5910-4b01-a14b-e04d62e69696/ccm_jetspeed-ft2_skates.jpg,skates
https://c2bfe19d1ca0edc50ce2-ce1e1891d5288622161b9aa342eed946.ssl.cf5.rackcdn.com/images/97743c44-0172-410f-8c56-107cfbacf684/ccm_jetspeed-ft4-pro_skates.jpg,skates
https://c2bfe19d1ca0edc50ce2-ce1e1891d5288622161b9aa342eed946.ssl.cf5.rackcdn.com/images/9c6b9df6-28e1-464f-9f2f-8a0d9f056026/ccm_jet-speed-f-t5-pro_stick.jpg,stick
https://c2bfe19d1ca0edc50ce2-ce1e1891d5288622161b9aa342eed946.ssl.cf5.rackcdn.com/images/9c26dd14-f274-4ffc-a0ad-46acf193c84e/ccm_jet-speed-f-t6-pro_skates.jpg,skates
https://c2bfe19d1ca0edc50ce2-ce1e1891d5288622161b9aa342eed946.ssl.cf5.rackcdn.com/images/9c6b9b3e-be77-4145-9c57-8e160cc8ff86/ccm_jet-speed-f-t6-pro_stick.jpg,stick
https://c2bfe19d1ca0edc50ce2-ce1e1891d5288622161b9aa342eed946.ssl.cf5.rackcdn.com/images/9c6ba407-2493-427f-b118-d4802b9bfec5/ccm_jet-speed-f-t7-pro_stick.jpg,stick
https://c2bfe19d1ca0edc50ce2-ce1e1891d5288622161b9aa342eed946.ssl.cf5.rackcdn.com/images/9ddf5372-0d20-4e4e-9e9a-0f681c4a28e2/ccm_jet-speed-f-t8-pro_skates.jpg,skates
https://c2bfe19d1ca0edc50ce2-ce1e1891d5288622161b9aa342eed946.ssl.cf5.rackcdn.com/images/9e94d736-d4d4-4df7-a5bb-df901bf0e9e1/ccm_jet-speed-f-t8-pro_stick.jpg,stick
https://c2bfe19d1ca0edc50ce2-ce1e1891d5288622161b9aa342eed946.ssl.cf5.rackcdn.com/images/9d368cef-ab2c-411c-830b-3704b9998c6f/ccm_jet-speed-f-t-w_stick.jpg,stick
https://c2bfe19d1ca0edc50ce2-ce1e1891d5288622161b9aa342eed946.ssl.cf5.rackcdn.com/images/97743d5d-1911-4e9f-a8a4-1993858642ca/ccm_jetspeed_skates.jpg,skates
https://c2bfe19d1ca0edc50ce2-ce1e1891d5288622161b9aa342eed946.ssl.cf5.rackcdn.com/images/99084245-c345-435f-9957-d1f7ccec373b/ccm_pants.jpg,pants
https://c2bfe19d1ca0edc50ce2-ce1e1891d5288622161b9aa342eed946.ssl.cf5.rackcdn.com/images/9c1d307f-c9b5-46da-8d40-13ee160f3e6b/ccm_quicklite_glove.jpg,gloves
https://c2bfe19d1ca0edc50ce2-ce1e1891d5288622161b9aa342eed946.ssl.cf5.rackcdn.com/images/979a256d-4f45-4c01-9c38-02cccc1122cd/ccm_ribcor100k-pro_skates.jpg,skates
https://c2bfe19d1ca0edc50ce2-ce1e1891d5288622161b9aa342eed946.ssl.cf5.rackcdn.com/images/9c55775d-6242-48db-8d9a-58d744ca4bed/ccm_ribcor-reckoner_stick.jpg,stick
https://c2bfe19d1ca0edc50ce2-ce1e1891d5288622161b9aa342eed946.ssl.cf5.rackcdn.com/images/9c5577b4-4f76-4638-aee5-babfbf384765/ccm_ribcor-trigger5-pro_stick.jpg,stick
https://c2bfe19d1ca0edc50ce2-ce1e1891d5288622161b9aa342eed946.ssl.cf5.rackcdn.com/images/9c5577cb-d3d4-4ea3-8375-985ee06d61c5/ccm_ribcor-trigger6-pro_stick.jpg,stick
https://c2bfe19d1ca0edc50ce2-ce1e1891d5288622161b9aa342eed946.ssl.cf5.rackcdn.com/images/9c5577e6-1d08-4254-9400-3d04be2dc5ea/ccm_ribcor-trigger7-pro_stick.jpg,stick
https://c2bfe19d1ca0edc50ce2-ce1e1891d5288622161b9aa342eed946.ssl.cf5.rackcdn.com/images/9c6b9b54-a326-4baa-92de-4ab1571ac261/ccm_ribcor-trigger8-pro_stick.jpg,stick
https://c2bfe19d1ca0edc50ce2-ce1e1891d5288622161b9aa342eed946.ssl.cf5.rackcdn.com/images/9d84cbc0-79f2-4333-b79e-247516d51d7d/ccm_ribcor-trigger9-pro-north_stick.jpg,stick
https://c2bfe19d1ca0edc50ce2-ce1e1891d5288622161b9aa342eed946.ssl.cf5.rackcdn.com/images/9c733bf5-65da-4343-b10d-d82817e8717d/ccm_ribcor-trigger9-pro_stick.jpg,stick
https://c2bfe19d1ca0edc50ce2-ce1e1891d5288622161b9aa342eed946.ssl.cf5.rackcdn.com/images/9c557800-8150-4001-b888-8776df056dd0/ccm_ribcor-trigger-a-s-y_stick.jpg,stick
https://c2bfe19d1ca0edc50ce2-ce1e1891d5288622161b9aa342eed946.ssl.cf5.rackcdn.com/images/9c356b86-bacd-4b46-babd-2c3b50bc0ac3/ccm_super-tacks-a-s3-pro_goalie-skates.jpg,skates
https://c2bfe19d1ca0edc50ce2-ce1e1891d5288622161b9aa342eed946.ssl.cf5.rackcdn.com/images/97743c14-d501-4d6a-8261-157896d64e04/ccm_super-tacks-as3-pro_skates.jpg,skates
https://c2bfe19d1ca0edc50ce2-ce1e1891d5288622161b9aa342eed946.ssl.cf5.rackcdn.com/images/9c558cd4-986f-45d2-80f5-0c075e88eb64/ccm_super-tacks-a-s3-pro_stick.jpg,stick
https://c2bfe19d1ca0edc50ce2-ce1e1891d5288622161b9aa342eed946.ssl.cf5.rackcdn.com/images/97743c16-2c2b-4b2a-bb93-ff6b2db3be05/ccm_super-tacks-as4-pro_stick.JPG,stick
https://c2bfe19d1ca0edc50ce2-ce1e1891d5288622161b9aa342eed946.ssl.cf5.rackcdn.com/images/9976a7d8-262e-4d6f-8a10-8cd3be8922c5/ccm_super-tacks-x_helmet.jpg,helmet
https://c2bfe19d1ca0edc50ce2-ce1e1891d5288622161b9aa342eed946.ssl.cf5.rackcdn.com/images/9c1d30bd-f145-4253-a950-542eaca622dd/ccm_tacks4-r-pro_glove.jpg,gloves
https://c2bfe19d1ca0edc50ce2-ce1e1891d5288622161b9aa342eed946.ssl.cf5.rackcdn.com/images/9d526348-71ab-4071-9464-813b81e7c013/ccm_tacks652-pro_skates.jpg,skates
https://c2bfe19d1ca0edc50ce2-ce1e1891d5288622161b9aa342eed946.ssl.cf5.rackcdn.com/images/97743c91-1aa5-4f24-acc2-cdbc3c9459a8/ccm_tacks710_helmet.jpg,helmet
https://c2bfe19d1ca0edc50ce2-ce1e1891d5288622161b9aa342eed946.ssl.cf5.rackcdn.com/images/9b380494-f68b-4194-929d-fcf3e9b7af13/ccm_tacks720_helmet.jpg,helmet
https://c2bfe19d1ca0edc50ce2-ce1e1891d5288622161b9aa342eed946.ssl.cf5.rackcdn.com/images/97743c45-791d-4884-b740-c5aea79ae287/ccm_tacks910_helmet.jpg,helmet
https://c2bfe19d1ca0edc50ce2-ce1e1891d5288622161b9aa342eed946.ssl.cf5.rackcdn.com/images/979a25df-f448-46e5-9886-f413738db4cf/ccm_tacks-as-v-pro_skates.jpg,skates
https://c2bfe19d1ca0edc50ce2-ce1e1891d5288622161b9aa342eed946.ssl.cf5.rackcdn.com/images/9c558d34-ee7b-4645-9282-d19a076a36f9/ccm_tacks-a-s--v-pro_stick.jpg,stick
https://c2bfe19d1ca0edc50ce2-ce1e1891d5288622161b9aa342eed946.ssl.cf5.rackcdn.com/images/9c558d0a-45f1-4688-8051-6637b32d4e6b/ccm_tacks-a-s--v-i-pro_stick.jpg,stick
https://c2bfe19d1ca0edc50ce2-ce1e1891d5288622161b9aa342eed946.ssl.cf5.rackcdn.com/images/9c4718a6-add5-48ee-877b-3e071420f3f8/ccm_tacks-x-f-pro_glove.jpg,gloves
https://c2bfe19d1ca0edc50ce2-ce1e1891d5288622161b9aa342eed946.ssl.cf5.rackcdn.com/images/9c1b25fe-6b12-4424-b3e1-8a8ad87dee31/ccm_tacks-x-f-pro_skates.jpg,skates
https://c2bfe19d1ca0edc50ce2-ce1e1891d5288622161b9aa342eed946.ssl.cf5.rackcdn.com/images/9c632d74-b8cb-45af-aa1f-18c7a9d157ea/ccm_tacks-x-f-pro_stick.jpg,stick
https://c2bfe19d1ca0edc50ce2-ce1e1891d5288622161b9aa342eed946.ssl.cf5.rackcdn.com/images/9c1d30dc-dfb9-4697-8f2f-d3acf1af12f7/ccm_ultra-tacks_glove.jpg,gloves
https://c2bfe19d1ca0edc50ce2-ce1e1891d5288622161b9aa342eed946.ssl.cf5.rackcdn.com/images/97743bfc-5d19-4fdc-a1b5-4ef6cdec756f/ccm_vector-v08_helmet.jpg,helmet
https://c2bfe19d1ca0edc50ce2-ce1e1891d5288622161b9aa342eed946.ssl.cf5.rackcdn.com/images/9ef4f402-e4d6-48df-a53a-7652eced0c97/ccm_vizion_goalie-stick.jpg,stick
https://c2bfe19d1ca0edc50ce2-ce1e1891d5288622161b9aa342eed946.ssl.cf5.rackcdn.com/images/9d60ce03-09a5-4965-8cc4-1232541a47e2/ccm_vision_stick.jpg,stick
https://c2bfe19d1ca0edc50ce2-ce1e1891d5288622161b9aa342eed946.ssl.cf5.rackcdn.com/images/99083ef9-8719-4828-83a1-03d194d80f30/ccm_vr-pro-sh_visor.jpg,visor
https://c2bfe19d1ca0edc50ce2-ce1e1891d5288622161b9aa342eed946.ssl.cf5.rackcdn.com/images/99083eee-e2bc-45ee-a5ce-ad3f1dd66e3e/ccm_vr-pro_visor.jpg,visor
https://c2bfe19d1ca0edc50ce2-ce1e1891d5288622161b9aa342eed946.ssl.cf5.rackcdn.com/images/9c356acf-1a96-4d15-bb4c-37bde61a6237/ccm_v-r14_visor.jpg,visor
https://c2bfe19d1ca0edc50ce2-ce1e1891d5288622161b9aa342eed946.ssl.cf5.rackcdn.com/images/97743d0c-7c53-410d-8541-b5c67c87c524/easton_e400_helmet.jpg,helmet
https://c2bfe19d1ca0edc50ce2-ce1e1891d5288622161b9aa342eed946.ssl.cf5.rackcdn.com/images/99083ec8-5b8d-419a-98b8-04e6b3bd17d3/oakley_825_visor.jpg,visor
https://c2bfe19d1ca0edc50ce2-ce1e1891d5288622161b9aa342eed946.ssl.cf5.rackcdn.com/images/99083ed3-c5cf-4c75-9693-e3c00eb5e95e/oakley_831_visor.jpg,visor
https://c2bfe19d1ca0edc50ce2-ce1e1891d5288622161b9aa342eed946.ssl.cf5.rackcdn.com/images/9c1d3155-225c-45ce-b1a4-2204b6778ec7/sherwood_code-encrypt_glove.jpg,gloves
https://c2bfe19d1ca0edc50ce2-ce1e1891d5288622161b9aa342eed946.ssl.cf5.rackcdn.com/images/9c2733f4-cea0-476f-a153-870a9b50290a/sherwood_code-encrypt-pro_stick.jpg,stick
https://c2bfe19d1ca0edc50ce2-ce1e1891d5288622161b9aa342eed946.ssl.cf5.rackcdn.com/images/9c1d316d-92ad-4594-9f4c-45f60d8c00de/sherwood_code-t-m-p-pro_glove.jpg,gloves
https://c2bfe19d1ca0edc50ce2-ce1e1891d5288622161b9aa342eed946.ssl.cf5.rackcdn.com/images/9c1d319b-8ee5-4271-9b50-f7bd4169a510/sherwood_rekker-element-one_glove.jpg,gloves
https://c2bfe19d1ca0edc50ce2-ce1e1891d5288622161b9aa342eed946.ssl.cf5.rackcdn.com/images/9c1d31b1-ab6c-4a39-ba15-cf4d8ed276ec/sherwood_rekker-legend-pro_glove.jpg,gloves
https://c2bfe19d1ca0edc50ce2-ce1e1891d5288622161b9aa342eed946.ssl.cf5.rackcdn.com/images/9c5d56a5-e024-4ad9-adf4-878e4ea5ae53/sherwood_rekker-legend-pro_stick.jpg,stick
https://c2bfe19d1ca0edc50ce2-ce1e1891d5288622161b9aa342eed946.ssl.cf5.rackcdn.com/images/9d62f321-f8c3-4e50-ad92-bbc28beca483/sherwood_rekker-morph-pro_stick.jpg,stick
https://c2bfe19d1ca0edc50ce2-ce1e1891d5288622161b9aa342eed946.ssl.cf5.rackcdn.com/images/9c1d3411-ba75-4982-9f5d-12fb7e39398f/true_catalyst9-x_glove.jpg,gloves
https://c2bfe19d1ca0edc50ce2-ce1e1891d5288622161b9aa342eed946.ssl.cf5.rackcdn.com/images/9c63585a-fe01-41cc-bdaa-194ef972c066/true_catalyst9-x3_goalie-stick.jpg,stick
https://c2bfe19d1ca0edc50ce2-ce1e1891d5288622161b9aa342eed946.ssl.cf5.rackcdn.com/images/9c53671a-93fc-434d-ae3b-53da212bdb84/true_catalyst9-x3_stick.jpg,stick
https://c2bfe19d1ca0edc50ce2-ce1e1891d5288622161b9aa342eed946.ssl.cf5.rackcdn.com/images/9c733141-7f6c-443f-9f49-1759c61df150/true_catalyst9-x4_skates.jpg,skates
https://c2bfe19d1ca0edc50ce2-ce1e1891d5288622161b9aa342eed946.ssl.cf5.rackcdn.com/images/9bf0ec01-8d41-4dab-8006-918adeefc10a/true_catalyst-pro_skates.jpg,skates
https://c2bfe19d1ca0edc50ce2-ce1e1891d5288622161b9aa342eed946.ssl.cf5.rackcdn.com/images/9bf0e91a-fc13-4659-be2b-559771937038/true_catalyst-p-x3_blocker.jpg,blocker
https://c2bfe19d1ca0edc50ce2-ce1e1891d5288622161b9aa342eed946.ssl.cf5.rackcdn.com/images/9bf0e950-4a6b-404b-ae69-2417f08de668/true_catalyst-p-x3_goalie-glove.jpg,glove
https://c2bfe19d1ca0edc50ce2-ce1e1891d5288622161b9aa342eed946.ssl.cf5.rackcdn.com/images/9c356a62-6430-4b01-a9e2-eca0e525e6e3/true_catalyst-p-x3_pads.jpg,pads
https://c2bfe19d1ca0edc50ce2-ce1e1891d5288622161b9aa342eed946.ssl.cf5.rackcdn.com/images/9d426f3e-04cd-462b-afcf-5dde3388636b/true_catalyst-p-x5_blocker.jpg,blocker
https://c2bfe19d1ca0edc50ce2-ce1e1891d5288622161b9aa342eed946.ssl.cf5.rackcdn.com/images/9d426f51-3164-4ad5-9c13-40445771f86b/true_catalyst-p-x5_goalie-glove.jpg,glove
https://c2bfe19d1ca0edc50ce2-ce1e1891d5288622161b9aa342eed946.ssl.cf5.rackcdn.com/images/9d426f71-2fa9-43fd-b54e-e62f18db2529/true_catalyst-p-x5_pads.jpg,pads
https://c2bfe19d1ca0edc50ce2-ce1e1891d5288622161b9aa342eed946.ssl.cf5.rackcdn.com/images/9bf0e9b8-604f-4d33-974e-77d4927c7d0a/true_custom-s-v-h-one-piece_goalie-skates.jpg,skates
https://www.truetempersports.com/en-us/hockey/media/logo/websites/9/DTC-Logo.png,skates
https://c2bfe19d1ca0edc50ce2-ce1e1891d5288622161b9aa342eed946.ssl.cf5.rackcdn.com/images/9d283a33-60d0-4e6d-8c6a-9411dbe18086/true_custom-s-v-h-two-piece_goalie-skates.jpg,skates
https://c2bfe19d1ca0edc50ce2-ce1e1891d5288622161b9aa342eed946.ssl.cf5.rackcdn.com/images/9c272de2-0d5b-41de-84bc-32fb68d3141d/true_h-z-r-d-u-s9-x4_goalie-stick.jpg,stick
https://c2bfe19d1ca0edc50ce2-ce1e1891d5288622161b9aa342eed946.ssl.cf5.rackcdn.com/images/9c272dba-b347-420e-becc-6db4e8eb7c3c/true_h-z-r-d-u-s9-x4_stick.jpg,stick
https://c2bfe19d1ca0edc50ce2-ce1e1891d5288622161b9aa342eed946.ssl.cf5.rackcdn.com/images/9bf0ec31-89ff-42cf-8ac3-31f9cb658c29/true_h-z-r-d-u-s-pro_skates.jpg,skates
https://c2bfe19d1ca0edc50ce2-ce1e1891d5288622161b9aa342eed946.ssl.cf5.rackcdn.com/images/9c53672e-d514-480b-ac4d-aadff18c91a0/true_h-z-r-d-u-s-p-x_stick.jpg,stick
https://c2bfe19d1ca0edc50ce2-ce1e1891d5288622161b9aa342eed946.ssl.cf5.rackcdn.com/images/9bf0e8ea-bfc8-407b-8e4e-fa26e0d030de/true_h-z-r-d-u-s_blocker.jpg,blocker
https://c2bfe19d1ca0edc50ce2-ce1e1891d5288622161b9aa342eed946.ssl.cf5.rackcdn.com/images/9bf0e977-2a5e-4119-9471-e43f26e0279b/true_h-z-r-d-u-s_goalie-glove.jpg,glove
https://c2bfe19d1ca0edc50ce2-ce1e1891d5288622161b9aa342eed946.ssl.cf5.rackcdn.com/images/9bf0ea80-a080-4107-adc6-8f397f9b9a32/true_h-z-r-d-u-s_pads.jpg,pads
https://c2bfe19d1ca0edc50ce2-ce1e1891d5288622161b9aa342eed946.ssl.cf5.rackcdn.com/images/9e94e3ab-8a29-4e9f-81f4-15b281a2d9fd/true_h-z-r-d-u-s-smoke_goalie-stick.jpg,stick
https://c2bfe19d1ca0edc50ce2-ce1e1891d5288622161b9aa342eed946.ssl.cf5.rackcdn.com/images/9e9647e5-54c0-42eb-bbd4-130d27747604/true_h-z-r-d-u-s-smoke_stick.jpg,stick
https://c2bfe19d1ca0edc50ce2-ce1e1891d5288622161b9aa342eed946.ssl.cf5.rackcdn.com/images/9c3569e2-38b8-4470-8fff-8b0156286235/true_l20.2_blocker.jpg,blocker
https://c2bfe19d1ca0edc50ce2-ce1e1891d5288622161b9aa342eed946.ssl.cf5.rackcdn.com/images/9c3569c4-a1ef-42f7-82fe-089f3eecd4c4/true_l20.2_goalie-glove.jpg,glove
https://c2bfe19d1ca0edc50ce2-ce1e1891d5288622161b9aa342eed946.ssl.cf5.rackcdn.com/images/9c3569aa-ed99-4a00-9fb4-6cddc71aa604/true_l20.2_pads.jpg,pads
https://c2bfe19d1ca0edc50ce2-ce1e1891d5288622161b9aa342eed946.ssl.cf5.rackcdn.com/images/9c356989-1f5f-4ae1-9b77-c0448ac79f8b/true_l87_blocker.jpg,blocker
https://c2bfe19d1ca0edc50ce2-ce1e1891d5288622161b9aa342eed946.ssl.cf5.rackcdn.com/images/9c35696b-7ff1-4255-88fa-01d3401b31f1/true_l87_goalie-glove.jpg,glove
https://c2bfe19d1ca0edc50ce2-ce1e1891d5288622161b9aa342eed946.ssl.cf5.rackcdn.com/images/9c35694d-0920-4aa6-bb58-96672b4ab28e/true_l87_pads.jpg,pads
https://c2bfe19d1ca0edc50ce2-ce1e1891d5288622161b9aa342eed946.ssl.cf5.rackcdn.com/images/9e96749f-3deb-4be9-9773-baceae6b5388/true_l95_blocker.jpg,blocker
https://c2bfe19d1ca0edc50ce2-ce1e1891d5288622161b9aa342eed946.ssl.cf5.rackcdn.com/images/9e96745f-5ddc-446c-8051-be62a4dc0221/true_l95_goalie-glove.jpg,glove
https://c2bfe19d1ca0edc50ce2-ce1e1891d5288622161b9aa342eed946.ssl.cf5.rackcdn.com/images/9e967446-854b-412e-9cc1-e94a0405fedd/true_l95_pads.jpg,pads
https://c2bfe19d1ca0edc50ce2-ce1e1891d5288622161b9aa342eed946.ssl.cf5.rackcdn.com/images/9c471778-75ac-4407-b0af-8d2e3facac1d/true_pro-hybrid_glove.jpg,gloves
https://c2bfe19d1ca0edc50ce2-ce1e1891d5288622161b9aa342eed946.ssl.cf5.rackcdn.com/images/9d7cb14f-cd1f-445b-a98a-a269e63c1e1a/true_pro-custom-one-piece_goalie-skates.jpg,skates
https://c2bfe19d1ca0edc50ce2-ce1e1891d5288622161b9aa342eed946.ssl.cf5.rackcdn.com/images/97743cc9-4722-4dd5-881d-40c2253fd87e/true_pro-custom_skates.jpg,skates
https://c2bfe19d1ca0edc50ce2-ce1e1891d5288622161b9aa342eed946.ssl.cf5.rackcdn.com/images/9d8cccf2-2bb0-4d72-9b3a-f7f965a54b0c/true_project-x-smoke_stick.jpg,stick
https://c2bfe19d1ca0edc50ce2-ce1e1891d5288622161b9aa342eed946.ssl.cf5.rackcdn.com/images/9c26ade9-5a10-4af7-95d0-3e4c9ad2ee47/true_stock-two-piece_goalie-skates.jpg,skates
https://c2bfe19d1ca0edc50ce2-ce1e1891d5288622161b9aa342eed946.ssl.cf5.rackcdn.com/images/9c35692c-6814-4389-95b9-8643acbccdf8/true_s-v-h-custom_skates.jpg,skates
https://c2bfe19d1ca0edc50ce2-ce1e1891d5288622161b9aa342eed946.ssl.cf5.rackcdn.com/images/9c356910-08e6-4745-9e0e-4d15ff8f42dd/true_t-f9_goalie-skates.jpg,skates
https://c2bfe19d1ca0edc50ce2-ce1e1891d5288622161b9aa342eed946.ssl.cf5.rackcdn.com/images/9c47146b-bf4e-446a-b870-49c7b9db37df/true_t-f-pro_skates.jpg,skates
https://c2bfe19d1ca0edc50ce2-ce1e1891d5288622161b9aa342eed946.ssl.cf5.rackcdn.com/images/9db75f41-89c3-4459-b2da-466d0f63a2e7/vaughn_pro-v-elite_goalie-glove.jpg,glove
https://c2bfe19d1ca0edc50ce2-ce1e1891d5288622161b9aa342eed946.ssl.cf5.rackcdn.com/images/9c35628d-d4b3-4b31-954f-c24f0331847c/vaughn_pro's-choice_mask.jpg,mask
https://c2bfe19d1ca0edc50ce2-ce1e1891d5288622161b9aa342eed946.ssl.cf5.rackcdn.com/images/9c3562b9-12fc-489a-9df0-3ba009dc7af0/vaughn_velocity-v10-pro_blocker.jpg,blocker
https://c2bfe19d1ca0edc50ce2-ce1e1891d5288622161b9aa342eed946.ssl.cf5.rackcdn.com/images/9c3562d9-7876-4ba5-a25d-019bc09aa84a/vaughn_velocity-v10-pro_goalie-glove.jpg,glove
https://c2bfe19d1ca0edc50ce2-ce1e1891d5288622161b9aa342eed946.ssl.cf5.rackcdn.com/images/9c356300-90f4-4a54-9560-6cd1270d8e11/vaughn_velocity-v10-pro_pads.jpg,pads
https://c2bfe19d1ca0edc50ce2-ce1e1891d5288622161b9aa342eed946.ssl.cf5.rackcdn.com/images/9d3e5ef7-9489-49cc-b20e-6e692da50251/vaughn_v-x1_blocker.jpg,blocker
https://c2bfe19d1ca0edc50ce2-ce1e1891d5288622161b9aa342eed946.ssl.cf5.rackcdn.com/images/9d3e5f0c-ec63-4589-a0c6-356fb4183375/vaughn_v-x1_goalie-glove.jpg,glove
https://c2bfe19d1ca0edc50ce2-ce1e1891d5288622161b9aa342eed946.ssl.cf5.rackcdn.com/images/9d3e5f22-e939-4bf7-a939-4a3e740d91cb/vaughn_v-x1_pads.jpg,pads
https://c2bfe19d1ca0edc50ce2-ce1e1891d5288622161b9aa342eed946.ssl.cf5.rackcdn.com/images/9c356347-04d2-4e3a-baea-5d72ec245ab0/vaughn_ventus-s-l-r3-pro-carbon_blocker.jpg,blocker
https://c2bfe19d1ca0edc50ce2-ce1e1891d5288622161b9aa342eed946.ssl.cf5.rackcdn.com/images/9c356364-dd28-4e97-ad6b-ae1e9e71d610/vaughn_ventus-s-l-r3-pro-carbon_goalie-glove.jpg,glove
https://c2bfe19d1ca0edc50ce2-ce1e1891d5288622161b9aa342eed946.ssl.cf5.rackcdn.com/images/9c356382-9a33-4c9a-8b7e-d1a3990be181/vaughn_ventus-s-l-r3-pro-carbon_pads.jpg,pads
https://c2bfe19d1ca0edc50ce2-ce1e1891d5288622161b9aa342eed946.ssl.cf5.rackcdn.com/images/9c1ade6e-e783-446e-8172-a4dac3532fc9/vaughn_ventus-s-l-r4_blocker.jpg,blocker
https://c2bfe19d1ca0edc50ce2-ce1e1891d5288622161b9aa342eed946.ssl.cf5.rackcdn.com/images/9c1adea4-60d6-413d-9c71-edad29030e75/vaughn_ventus-s-l-r4_goalie-glove.jpg,glove
https://c2bfe19d1ca0edc50ce2-ce1e1891d5288622161b9aa342eed946.ssl.cf5.rackcdn.com/images/9c1ad8d9-13c3-46b8-9957-a3860e5dc396/vaughn_ventus-s-l-r4_pads.jpg,pads
https://c2bfe19d1ca0edc50ce2-ce1e1891d5288622161b9aa342eed946.ssl.cf5.rackcdn.com/images/9c355e17-5ec5-4a19-8255-00ba5ac9100d/wall_pro_mask.jpg,mask
https://c2bfe19d1ca0edc50ce2-ce1e1891d5288622161b9aa342eed946.ssl.cf5.rackcdn.com/images/9c1d3471-8bca-4f42-ae29-c4db7b5e9ef6/warrior_alpha-d-x_glove.jpg,gloves
https://c2bfe19d1ca0edc50ce2-ce1e1891d5288622161b9aa342eed946.ssl.cf5.rackcdn.com/images/9c355d94-feb6-4c68-904d-ca6c806783a6/warrior_alpha-f-r-pro_glove.jpg,gloves
https://c2bfe19d1ca0edc50ce2-ce1e1891d5288622161b9aa342eed946.ssl.cf5.rackcdn.com/images/999f9961-1239-4fe8-9ce5-fdf8928cf34c/warrior_alpha-fr2-pro_glove.png,gloves
https://c2bfe19d1ca0edc50ce2-ce1e1891d5288622161b9aa342eed946.ssl.cf5.rackcdn.com/images/9c5368a9-3a76-412b-82ac-494aadcdc679/warrior_alpha-l-x-pro_stick.jpg,stick
https://c2bfe19d1ca0edc50ce2-ce1e1891d5288622161b9aa342eed946.ssl.cf5.rackcdn.com/images/9c1d34ce-a096-490d-95ce-1fefdd645789/warrior_alpha-l-x2-pro_glove.jpg,gloves
https://c2bfe19d1ca0edc50ce2-ce1e1891d5288622161b9aa342eed946.ssl.cf5.rackcdn.com/images/9c5368c3-96a8-41e9-81c3-cd0120433305/warrior_alpha-l-x2-pro_stick.jpg,stick
https://c2bfe19d1ca0edc50ce2-ce1e1891d5288622161b9aa342eed946.ssl.cf5.rackcdn.com/images/9e845f19-32fd-42b2-9088-0f2c48628345/warrior_alpha-l-x3-pro_stick.jpg,stick
https://c2bfe19d1ca0edc50ce2-ce1e1891d5288622161b9aa342eed946.ssl.cf5.rackcdn.com/images/97743c38-627c-41a3-a31c-13523e370413/warrior_alpha-one_helmet.jpg,helmet
https://c2bfe19d1ca0edc50ce2-ce1e1891d5288622161b9aa342eed946.ssl.cf5.rackcdn.com/images/9c1d34eb-d3a3-4624-a2eb-64e16980d74b/warrior_alpha-q-x_glove.jpg,gloves
https://c2bfe19d1ca0edc50ce2-ce1e1891d5288622161b9aa342eed946.ssl.cf5.rackcdn.com/images/979a2630-f78e-456d-810e-96134b608710/warrior_covert-cf100_helmet.jpg,helmet
https://c2bfe19d1ca0edc50ce2-ce1e1891d5288622161b9aa342eed946.ssl.cf5.rackcdn.com/images/97743bf9-10f6-4357-8656-6538518e6796/warrior_covert-px2_helmet.jpg,helmet
https://c2bfe19d1ca0edc50ce2-ce1e1891d5288622161b9aa342eed946.ssl.cf5.rackcdn.com/images/9c1d354f-a645-4fc3-ad9e-9d919cedc686/warrior_covert-q-r1_glove.jpg,gloves
https://c2bfe19d1ca0edc50ce2-ce1e1891d5288622161b9aa342eed946.ssl.cf5.rackcdn.com/images/9c1d3594-8fc2-4ac4-bdaf-c4be3c20be14/warrior_covert-q-r5-pro_glove.jpg,gloves
https://c2bfe19d1ca0edc50ce2-ce1e1891d5288622161b9aa342eed946.ssl.cf5.rackcdn.com/images/9c5368d8-92ff-4d66-9095-2197c549f6ba/warrior_covert-q-r5-pro_stick.jpg,stick
https://c2bfe19d1ca0edc50ce2-ce1e1891d5288622161b9aa342eed946.ssl.cf5.rackcdn.com/images/9c46e042-6dc9-401d-b846-7a92aae7a416/warrior_covert-q-r6-pro_glove.jpg,gloves
https://c2bfe19d1ca0edc50ce2-ce1e1891d5288622161b9aa342eed946.ssl.cf5.rackcdn.com/images/9c535246-eb1f-4f52-bd87-90fbd487fac3/warrior_covert-q-r6-pro_stick.jpg,stick
https://c2bfe19d1ca0edc50ce2-ce1e1891d5288622161b9aa342eed946.ssl.cf5.rackcdn.com/images/9c1d35b1-873a-4e5a-866e-1c73dd579ab8/warrior_covert-q-r-e_glove.jpg,gloves
https://c2bfe19d1ca0edc50ce2-ce1e1891d5288622161b9aa342eed946.ssl.cf5.rackcdn.com/images/9c1d35d8-6283-45a8-9e5a-eed79c40a108/warrior_covert-q-r-l_glove.jpg,gloves
https://c2bfe19d1ca0edc50ce2-ce1e1891d5288622161b9aa342eed946.ssl.cf5.rackcdn.com/images/9c1d35fc-7935-46a1-8b64-30de18a3a1fc/warrior_dynasty-a-x1_glove.jpg,gloves
https://c2bfe19d1ca0edc50ce2-ce1e1891d5288622161b9aa342eed946.ssl.cf5.rackcdn.com/images/9d284b40-d871-43f2-9835-bb3779931179/warrior_novium2_stick.jpg,stick
https://c2bfe19d1ca0edc50ce2-ce1e1891d5288622161b9aa342eed946.ssl.cf5.rackcdn.com/images/9c53525b-bce2-4225-a7e1-a03e90507153/warrior_novium-pro_stick.jpg,stick
https://c2bfe19d1ca0edc50ce2-ce1e1891d5288622161b9aa342eed946.ssl.cf5.rackcdn.com/images/99084255-cde3-4109-80b5-65c2b253da72/warrior_pants.jpg,pants
https://c2bfe19d1ca0edc50ce2-ce1e1891d5288622161b9aa342eed946.ssl.cf5.rackcdn.com/images/9c635cd7-a8f5-47f5-bb14-3ceee8c351d5/warrior_ritual-m1-pro+_goalie-stick.jpg,stick
https://c2bfe19d1ca0edc50ce2-ce1e1891d5288622161b9aa342eed946.ssl.cf5.rackcdn.com/images/9c6358b2-781c-4e7c-92a8-b8c0fd92165e/warrior_ritual-v2-pro+_goalie-stick.jpg,stick
https://c2bfe19d1ca0edc50ce2-ce1e1891d5288622161b9aa342eed946.ssl.cf5.rackcdn.com/images/9ddf50a2-63dd-4299-88af-f4d6fa62dff7/warrior_r/-v4-r-t-l_goalie-stick.jpg,stick
https://www.hockeyunlimited.fi/WebRoot/vilkasfi01/Shops/2014061601/6836/3A57/B25E/69C4/3512/7F00/0001/3102/HSRC10P-YT_01_m.jpg,stick
"data:image/png;base64,iVBORw0KGgoAAAANSUhEUgAAAOAAAADhCAMAAADmr0l2AAABa1BMVEX4+Pj6+/wAAAD6+/v6+vzTu5n9/v/4+fv7/f/59/UiIyQgISMdHyLCnmLFoWbEm1m/kk358eXlx5XixI7w6eT59PDm1Lf348wAAAUbHB0nJyg6My4AAA3x7unRtpHSt5a4gTfp4da2g0jHp3XozqLs1K3448f57triyaXy27zlypjo2MT98eXjxIzgxZvevo3fvpDFr4iXnniSv5KyqJisroygz6PE+8ebrInaxaqt2q5/pHva0Mpxf2Gyrpe7tZaMpHp3lnJnhmHQw7i9rJKjxZdOaEe26LaLsok3RzedjntYTECtn4c2KxzTx71vZ1aDem02PCrl98Redlw5Uz+bj3dMX0fH1KemnI2fjnRiV0eMgG8lNSonGxeinHh1c1qHcVmym3mz8rBiaUwWFB62vY6U05oZDRxKQDNOTzhgU0GAsX4yLyh+a1TMx8ixsreUl51UU1h5fICRkplub3S0kWO4fimvej3JoVk+wSF/AAAGp0lEQVR4nO1daVcURxTtmumxl+lt9qlhekcGaJCgBG0wJg7EjQgmGhSMEZIWiRnAFfz5eT0ux+Rz+vTxnr4fOIdv7557q96tV9UgCAUKFChQoECBAgUwIeVdQLZgSjPvEjKF0pmst1neVWQHqXa+Xl9Q8i4jQ7Sm6o26jyzhYLLemEYmWJupNxbsvMvIEEpntj4fAbcKaW6yMX8BmKDQmmk05pvIDDuzjfm2mHcV2UGaO9+YX8i7iiwx9ihyKxQG5FHsVni+gR3XlCn0VjiYnW1cAPaoUJshhjawhHQonK1HwBLSkWK2Dh7XJme/gY5rU4sXLy2dy7uK7CDNfbt8+Qp0K4xXVlevlvMuI0MMvlu+dQ3ao99fWv2hlXcZWaJ9fbi6BuxRNrgyvH4NuNcLtfWV5R+bwBIKnes3bq4BS0it8NbyReB9VGjFN26XkD3KOofdEnRcq93pdjeQ41qrXeKlq8jbzGCjW7oD7FGh9VO3dBc5rkltlZc2oT261e3eg/boeok/QW6FQufnEnYrnPvl5v1dYIKCEj+4fxv5oknqHPZLj4AllGq/9jl0XBPQ45o42ODdx8AeTeMah45rYpvz0hrwmws2OOLde8hhhuJachc5rrGpK9vYca328GD1KbCCguCW+iXwuMa72HFth+IaciuEj2vSYJdz7Li23+ejFvCbC9bu8e4asITpdI1DxzWl8lsXeromzly+9AA7rv1+f/gUenJR6SclH9ijrLNBcQ2519d2Eg07rk13VeiLJrGzhR/X1BHyE1nWHlU5clxjg6M+3wJuFEJrenX0BHpyMbOyMsSOa3t9dRe5FZYdXuXIkwuKa1V+B3ibobjG1UPkD9DFad7jyE9kmb+raY+BPUpxLelNNJElTOPaEjLBwR5/voU8uVAm/1iFfhcktv/cvgEe1xINPK5VeyryV3dSZ0PVoJ9x2zsaxTXgyUWZ4hr0RRPztyiuQbfC/USdQG6FFNcSvgS8j5b9Z0NtF9mjwvTBwRDao9HE8z72u6A9rboB3QorFNc2gZ/IpnGNPwZehEJrJ1EPod9cxL1egvyMW/SPqto95FaopNM17Fb41/MEebomNR8eDLeQJxeiuz3cxvboYZI8Am4Ukr2j9aDjmhjznop90fRCxb5oUva5eoi8zcjxSO0jD/FZ7UirQl80Cft9bYT8RFaMbm0n0JOL5rODv58ixzXmdqsa9BPZKL1oAl6EQiuNa8iTCzaOa8CTC+bvVtUjYAUprmm9EXZcm+jxJWSPUlxToScXwnqijqCfyEYjlSO/uZDsvUSFnlzILu8lyHGNRS80Dv3morWTcOjJRTnmKoeeXPhHnKNPLlTsj3ujiWRjHZig1NxfrLjIX4sIFadSQf7/NywighXgMCPYDgH54145JoIR8qnQTz2adxVZQiF+DnJcY7FbqcRy3mVkB6lJHnWQW6FICjrQrXDTqbhx3lVkiNSjLnQrlNJWCD258B3HdYGPFIJA/MBbYcV1Y2SCfioh8hBfcZ31Y+ReX756cvLyBHi6Vm6+en1ygiwhO3n99o0N3CnKx29evkX2qGC/enNyjBzXysdL76wK8KmQ+ZYXmHlXkSkMLwiQ45rsnnqBA+1RIhjkXUWm0L3gDHlyIcenwdkisEfL9ql3FiAfKeR3tAihh/hrp0EQAi9CydYt3UKOa7Lr6RbyEJ/5nmXqeVeRJaR3JCFyK2QxSRgCe7Tc9ALLQ07cLPSsAFlCtmkF2IcmWyeCIXArFB0iGABP8VlEefTM8HETqWIRQzNswjKUHdpHLSO0URky3yMJDSOE/VvAku55Z7phhpGMuZlSXKODvaHremxDilhuWt7ZmakbehhGCqKKcphKqOumQSuRVISTUYpOiaFJBEODnOr6isywdJRIwsDSTfJouhR1w4lsgQGRZE2PGBokYcpOJxmJaxzZsozi1vSmyTNNSw/HAqY/dJNIViKbiRBCMt/0rPfmBwmNsYhE0bIscyH2JQQhmeKmBM1P/NLFSL+mHC3T8ZWvP8dJzHfStUfs0naRMjQ/U7SM6dbXryKT/cUxxZTcWMCPLv1AEeFAxQTfGW8whmGOrfpZQYt2nLyr+18gialR9Y9bjWl+Zki2BRncsHLTJXLme8P8kqBlmCAEKXzLrchdTFOb9Ynd2KNIH2+Lgh9/YJhSM833tCRDgE3mCzB5zDGVMHUpJQC8wVuZKX5FHy8/4mdBvkxk7JwduWmqCWG2mP9CYrKo2HR6yruQbAG0gRYoUKBAgQIFChT4N/4BHJXRi2l75GoAAAAASUVORK5CYII=",stick
https://encrypted-tbn0.gstatic.com/images?q=tbn:ANd9GcTVQ4GfpTlFGcPXxvEY64KvW0inkBdDdWVrlg&s,stick
https://encrypted-tbn0.gstatic.com/images?q=tbn:ANd9GcQ8bFFuYeClQpggsvkA3D0RC8Cg50NCxZCdDg&s,stick
https://encrypted-tbn0.gstatic.com/images?q=tbn:ANd9GcQVq1-csEyPtXIqxKMHG-PPAo9z91lMCv9wpw&s,stick
https://encrypted-tbn0.gstatic.com/images?q=tbn:ANd9GcSJJI4QoxrSdypEM-5DI4N8l4wbJMHUVtxB9g&s,stick
"data:image/jpeg;base64,/9j/4AAQSkZJRgABAQAAAQABAAD/2wCEAAkGBxMTEhUTEhMWFhUWGRkbGBgYGSAaGhgXHhUWFxgYHRgYHSghGholHR0YITEhJSkvLi4uFx8zODMtNygtLisBCgoKDg0OGhAQFy0fHx8tLy0tNy0rLSstLS0tKy4rNy0rLS8tKy0tLi0wLTAtLTUtKy0tLS0uKy0rLTE3LS0uLf/AABEIAOEA4QMBIgACEQEDEQH/xAAcAAEAAwEBAQEBAAAAAAAAAAAABAUGBwMCAQj/xABHEAABAwEFBAYHBAgFAwAAAABAAIRAwQFEiExBkFRYRMiMnGBkQdCUqGx0fBiksHhFCNUcoKissIzQ1PS8Raz4jREY4PD/8QAGQEBAQEBAQEAAAAAAAAAAAAAAAECAwQF/8QALxEBAAIBAQUGBAcBAAAAAAAAAAERAgMSITFB8AQiUWGB0RNxkbEjMkJSocHhBf/aAAwDAQACEQMRAD8A7iiIgIiICIiAiIgIiICIiAiIgIiICIiAiIgIiICIiAiIgIiICIiAiIgIq++77s9kZ0loqCm0mBMkuOsBrQS49wWaf6UbuGj6p7qT/wAQEG1RYlvpTu3fUqN76T/wBUmh6S7rfkLUB+9TqM97mAINaipKG1tieJp2mnU5MdiPkNF707+okSC77pHxQWNWs1sYnBsmBJiTwz3r7WB9Iltp1rM1uF0B4dOh7LgIzyOax3o92iqWa20qDqrjZ6zjSDSZax5E0nNnsyRggZHEOCDt6IiAiKNbra2k2XHXQDU9yCSioDfdQ9ljR3yfhCkXXbqjn4XwQeUR5ILdERAREQEREBERAREQEREBERAREQcW9Ld4GpbxT1bQptAGoFSp1iSDkeqGKls9lY+nLqwZnEGZnKMvZz1nKF87euIve1zriZ4DoKUe6F5GMWeTarQR9knXwDpB7lLv0dctOcccZn9UX/Mx/SuvG62FzALRTBkhzXOw5xMie03UT3ZZhVV4WbA2RUpu60ENJkZTJloEcwrO86LzUcwhzRS/xCYgZloDjvdM4QJnONCVT2hmJwawZ/ARJJPdmTuHgpEzzTUxxxnuzaLjLSHAwQco1B4yNI/ArpNx7eURZ2fpFQioJaQGkl0aOyEZ/GVzMgTlp9Z8svwXjaGbhxy7jp7iFbi6PhZbG3W669XRdo9q6dqphtEvgEh2IAZQDIjuWetVocxoqsyczo3jvBAHvg96qLoacLuZAHjmSPJvmrK8akNePsAeMt/H4KXvpvHT/CnPwmI+sT7P6guy2tr0aVZnZqsa9vc5ocPcVJWY9GZcbqsZd/pCP3ZOH+WFp1pwfhKy9qq9I8vOmjRwbu8Tqr29quGmeeXnr7pWL2mvT9GstSsIxAQydMbjhb4SZPIFBA2n2xpWTqNaatbLqN0bIkYju7te5TvRnfNa0vqurYR1QWtaMmyc85JJ0XPbzFM2ai4DruBc8nN7nOd1nuPEnOPLRbD0OOBfVI0wAeThll9ZrnGczlUcH0NXsmGl2eM8su9PLw/11NERdHzxERAREQEREBERAREQEREBERBxD0y2HBb21QMqtJpPMscWO/lLFV2Gz9PZqgbnUo/rAN5pmBVH8LoMfaeVvvTNYcVGz1o7FQsPJtRh/uYweKwno/tJZbaIGcvLCNxaQAZ4jru8liIrKfN6s8trQwj9szHpNT7qC0V61d7KTTUqkQ2mzMgGM4adSBlJyAGsKLfFNtnDqIIc/LpnDMZ5totO8E9Zzt8cIA6Rte+lYDanWakxjiKbZEky4Pe4S4mGdjqtga8o5Banl1TDMwZcT6zzm53y7ludzz4xOUxEc37ZqZOup1PxP1wXnUIc47gZJ44A3PxwgDvKk2khrI3nLw3/AC/iVdSqdccJjwcC0+/4rjpxO/Keb6fa5xx2NDHhjx+fX3Xd0dmm6AMRc7l2yyO4Cm3yXjfFfquPH8DPyU25yTZmZQWggH/7Ks8NCB5hQLYA6rTpkgAvaHEnKMUHXkF0rvW8WWpejGHnc/R/UWyNl6Kw2SkdWUKLSRvIpNBPmrZQrDbKeBjRUpkhoENcDuHAqRUtDG5uc0d5A+K086j2pvRlI02PnOXZCdIG7PeuWelO92vo0abJ61QuMjCOq3DHWA9uVpPSJe9HpmuFakWNa3MPB62OoS3I69nLmuRbU3hSqFvROeQJzdoSSNND6u/MqjcWG7HWqzvY8GiWQ0wMy1winJOrcRBkZRJ5q+9ElspOru6JuBjmPAG7qvAbHMtAJ5zxWK2XvFzrutDXl5bTLMIDoILsYA/dnMjTXx0noZ/9SS859G8MHiw/0yPPisxFbodtTUnUmcs5uXaERFXEREQEREBERAREQEREBERAREQYf0w29tKwQ5pJqVKYb9ktPSSeUNI/iXNtj7QLOypaIxVexRnQOMuqPn7I8g5b/wBNzAbDSB/aG/8AarFclsjzhwPnBoSNcEl2CBm0F2ZcePgirJu0Qruq0bY4PZVyFUANLXRDSSAAW8CdMpyEDF3nZX0ajmvycww48R6rxyIUm2vlziBEkxlAiTA5KLaLS57Wh4ksyDjqWewT6wG7eBlnAACPaa2I93kPln8AvCrTJzkQQROLhmNQN/evx+Qjn/x9cyvHGQszHg7Y6kTM7fNrLnqYW9c5OGKNQBLS6OZOE+J4L9eyRJAk5kRlxiCo9yMxMAaP+d5/NTapa3V0nlp57/DLmtOUzvuB/wCjOAPRsa/LEIwieIEECeUL5LKBzhp+7/tUWpWG/LvXxrkIJPLeuU6UeL3Y/wDQmI34RKW7omnE2MQECMIyOoybzPmoFtt893LUyZ189OK8rXRcCQ4FrhqCIIPAg6KJUqNYRilzj5Dj3n65K46dc2Nbtk541GMY/Limm0EAS54xbgSeIk8lbbKbUOsdqpVsWKm13XB1FPEOkj7WEnL4aqLd9hpvaxzy8mqXBpboCJ7WROcKqq4qT6oBBgVGE5GQWOByOmU56hdHjf2Ax4IBBkESDxG5fSjXY2KNIcGMH8oUlEEREBERAREQEREBERAREQEREGJ9LtmL7BiiW06rHPjUNhzJHMFwPguJvpQAcUHVrh2XjcQRoeXw0XdvSnUw3XaTyYB39KxcDu6s8sdhbIB67YkSdDHhuQQ7VzOfifefmq+qN/vP5qdaampjyEKurGTmgjVOSjPcra8qADKRAjE0l3eHvb8AFUVW5oL67XxTBJ1GQ5cIWuq3Yyk8t7RbIk8QY0WY2dsklpdujyG5bS8jL8XtNafEsa78VVpmb1pS5p3aH5r5sdd1F2Joa794T5EQ5p5tIPNW1ooggyqmrkO5Eel6Xn05Bc0NwtDWNaIAGISJ14nPwgKgtNOSAd5JHGMwv3pDJPHnCnNsM0alfOGvZTb4h7neMBnmpTeWdxEVwWOyl01qsspVXNkkAZZkAE6wBkR3q6Z6KrQcX62kMU5kvkzIzBb4/UrN3A+0CqBZiS9x6rQJOIDUcMt66ldVK92tmvaLO0b8bMbh39Hhb4yrDDqFzk9DTDoLg0AkaEgQT7lMVXs/Ud0eF5lw1MQDO8CTHdJ1VooCIiAiIgIiICIiAiIgIiICIiDB+mm0Ybuw+3VY3yD3/wBq5DcvVa48YXUfTvP6FQA32lv/AGa651d9iilJ3orP3gyS7m4lVjmK7t1lInvVNWy1QftoE0m8nv8Ae1hH9LlUOZLgOJhXNITTfyLHf1M/vCjXHZuktDBrGanNqY7sT11vaq6qGEARuV5bW9WmeLR7hh/tUirYAwEHUZHwUS3VIps5N/8A0rD8EXGLuFbbKsBU1rdIIXrabXJ10USpUVYRTS3k/UwtNaKDW3U3CQeu17iCO0SWxkdQCARmcsw3fnSJU667xDGvo1XHoqjSNOy46HLPDOogwcw0lWERbntz6NVlWnGJhkSJHDTuPeuu3Xabxqlr6lKjRnTEHvcN56ocMMg5BzssjGS4u9haS05kSDu8R+fFbnZu/wC8bVVbRpVWtMdeoabC4NGRc4x1jp3mEHX7tqOpBpLi93rEx1uMQAAOEBaam8ESDIK55VtlKyMxVqxIYM3vcTUqO4BsQ7TINyGeQC/NnNoatWzPtNBmrnljKhhrgHaEjTeJEwUkdGRVNG/6UA1SKUkNGJwguOTWgmMydOKtGPBEggjkoPpERAREQEREBERAREQEREGA9MbA6z2dm81w4eFOo3+5Zs3YW0hlu+OS1G3zOltdkpbgHuPeXMA+DlLvGxtwRG5Ucottky0/P6MqqviwAlhA7bWnxADXeMj3reXxdgjJUdQU4Y2q1zsBMRvBJJHd8gisVb7OWtcAPVGnJ7HRlyB9ym+je7i+0E7paAeMnP8ABX20VclgzZSYfVpwXHvIVn6PbI1gDy3C18OxcCQIxcMoM6azopW9ra7tLy9LtqOe8MY49Z2gy1O/T371lNrrBVpUwHNLcg2dR23OBkccZHe3mJ6ReFcmQ+o8Nj1IE+I+teSy1rrUGOJbQL3HImo6ZGhyzGenNSYuDDPZyur6py1jcJhy+3vC2G1NyUWVi1gLBAO9zZM7tW+By9lZe3XXUpgOcwhjuy7Vp7nRl3GCm1XF0+HGX5J9J4+0/fyRMfALxqheq/C2frdx7vrPRVxmJjdKHXc7DIJJAAE5wBlGekcFJuG+alBwfSqGm6C3FEyCTqM58soUl92vhpAzcJwaPgHXozmR4Zb4Kg9EMUwARuMySMvrxzVRa2cvtdZjaj3OdUc0Oe84ixg1DdYMYjAyyHGV1nau+6dgsgZSgPLMFBg3QIxfut1neY4rhrHuaecgzoZGimG1GvUxV6rt2J5Je6MTQY35AkgcvFB2DZywh132epa3F7qY6YOdqwAOLSeJDDvUm770r2n9FtFirYLPif00j9Y8AQGQQRAdMnXQhZbbjbGk6ydBZnSakY4zwUyS7BOknJpA0Bhaiy1mWCwEu0oUgcmxifhyE+s4mB4+VEvar0im720nVKfTdI4gicGFoGbsQBEyQA3fJ4LQbN7ZUbZQZXYyoxrpEOAmQ4tOh0kLP2ZgbZsDoLRSBEtEGKc5yesd5MRkVSej62udYm1HNYwY3gNYMDQ0QScOecl2TYkxlvUodZstqZUBdTe14BIJaQYcDBaY0IOoXsuRXBtZRsFvt9J+NzKlRrgGgdR+AYzmRIJPuW5se3dgqf54aeD2ub/MRh96lDSIvCyW2nVE0qjHji1wcPcV7oCIiAiIgIiIOa1r3Y+8LT0uH9WRTAdUw4WgZCcu1DnxzKkW+rTcJbhyw548YGKC065EgiOIcFQ2y65vG2Co57Gvc8S0jNrgCIGoMHI7pKn2y6AWuDKzxLy8DCMn4cLD2RiDOrhBPqN4KjwtdF+5xM8T8GH57lQ2wHFDmlp5jlrI+A4L2tFwOYGhlRrIyxQRDYzdGr3yAJe8xiJ11/aLbRTa51R0sBIaztdUOcMcgaFsOAOY0kk5BmtoGHAPrw+uK13o1tjm0xSHZwYiHdmMgTJHUOvEGCs/e7BUJa1pa7eBoOTmzHiFdbJANHRvyOENJadW7gd8QdeZ8KNZbrIPU6h9k6Tx7+4rNW6lBhwwndw8D7o356q6tDqjABnUYAMwSXczmSTP0QvxtWnU6sg8jkfI6+ClChtb6dWr0lYQA3sjrYiJy7vjooVW+axqHNoY7LA4AsDdBPLnoeWiubZcxzNKP3XaeB1H4QqSvRAdhcC105B2UnkRkSdcs4UHleGz9GpTqPNJ1mdTEkCDTdlkGiRnu6sAEjVZi1XJXptFTA/CIIeA4RvBIIBbGskdxWxu9wbUb0znOY3sgklrToHYeGunkIXxaqFra41qdU1Gn1mGW9xZu8vEKV4OvxJmKy39ePUeTFNvJ/rASYlzcj+8G9nFGjoUylRoVBhYMRJAYwk9IXEkmXOHV4lxe4cGzktEyx0rTTqVK1IUywSatPqgu9ktMgu08xxCpK+ydfoxUYwuaRMaPA4lsz5EnkFbZmInhP169lTWu0h72McKgpNmq8jDTaR2hicdNwJ13cVDr2YtIxscwnMYgRI4idVZU7wrU3NDiXhjpwVNzhkJB1I3ToVJderH4hUkNcJf1cT3EHJrBlTxH/ULQQBqdVWZilE1rgQQePLUQeWinXjtBaKtIUqr3OaM8wNc+sSO0QDA4Be15Wak1gqMOEvAdTYJOJhc5pLg4dQgtI7TpjICVVvqkRkiNjaNuTUsnQBhD+jFIuyhzMLmmTrJadMhMmdxtNgtpaFCwmnUeGva95DZguBwkAZZkklscVzkvGsDylfLo1Az+vBBM/T8dpdUdINR7nZ5wDJAz1EdVXDKoOYMjkss8SM575+cKdZuzqZ+o36fIqwLxlaDIJBG8ZHzC0F17c22hGGu57R6tXr+Eu60dxCw4LuJUmlQcfWQf0PsZtYy3UzlgqsjGyZyOjmne0+7yJ0a4b6IqpbeDWzk6m8HyDvi0LuSkgiIoCIiDJ7X3KZ/SqTSXgAPa0SXN0xADMkDdwHLPLG+qbe27D+8C3+oBdVWdvu7KeKQ2C6SYyzy3iFYkYmvflnH+azP7QUCpfllAJFRme4EZ+CvbVYKU9j3n5qqvCzOwxRwtPF+J+W+BiGeuspYztdwqvL2NdJ3tBA89PIq8uO4K9bE5oLSxslxjLUgQNZzykK1uq7jWqMpjjJIygDUmIB7tJIW+vJzadIU25SA0D7Iifd8Usc7wWpmRYH8xIPwLfIqPaK7z27O7vBb4Z4pKutoLxfTwdEzESTikEMDACXOdVGTI10JPBVV1W2k57qvSVhiaHFj6jnU2AmGkTk0vnJpgngE2ingLyc3LoqnkXfCV52i8WPBbUpOLTkQ6m6Pe1aY0wZjDIkSACQfmvGz2TCCHONTm9rMuXVaMu9W4RiK7KY/wqwb9ipmPAkhw98KM22PYcQBn2qTsY8m9b3LoNeiIOENB4kSPKRK9Ls2cFoHXawgdp+GATwDSTJ8VNy72AZf2N46V3S4cwxxw9bcS2M45hQrbbarqhrF7g/i0kQNYHLlnv35rsB9H1iLQHU5PtCAfgqu2eiyzkfqqtRh59b+ktQYupVpVKJfazSqtwwxwaW1ccdg4ch5xzIzWLfZKbtCWHg/Nvg4DLxHiuj270Y2xgPQ1WVAdQcieGRgeOLJYu9tmrdRnpKD2jiGy372nkUW1FXsTmQS2AdDMtPc4SD4FQ3tUmo14BBLgDqJIBjTXI+K8Oj+t/kiPAefcvqfoL3FEn6hff6PxIHP8wg8mgEZmJyPf6ru7cfmV7UsjpyjgfWb+I8uJX3ToD6zB8RoV8izOJgTPcdRkDpwyVEikwOykTqDIAcInU5DkvSjVzj/AI8/kvexbP2l/ZpPI44SAN+pyGfxV/c+wVasY6Wk3OCGuxkHgcOQPIlLHv6KaZN5UiDoKhPd0bh8SF3tZ3ZDZGhYWdQYqrhD6h7R0JaPZbMZDgJlaJSQREUBERAVHftTrRwHxJV4szfFSajt+ce4ZfFBUWxvVlVFVyt7ydDfFUFpqQMgSdwGpJMADmTAHeg2OwdNuGq/1sQb3NifeZ8lIvS04nnKI6o8DmVQU7jdSfTD3zUaA55bkA7UtadY0EnXlop9R6CDeVrdTzhpB9oxuJ13CAToVAsRoVMVNlPonTilgYYcWwHgjEGug6kAqTXu/pXYqhMbmg+OZ3btN4mVNo0msaGsaGtG4CAgrrquKnQLi2XSSWlxJLQQAQCTmSQSTqZU95X5arQ2mxz3ENa0SScgBxKzVzbWOtdc0bPZKtVo9dpAgTGJwfAa3vdPKckGsuqxdNUwkw0CXd3AcytnSphoDWiAMgAskLHaKDsbAecDE0jnCn2faXdUpnvafwPzQaFFW0r9oO9fD+8CPfopDLxonSqz7w+aCUi8haWe23zCG0s9tvmEFdeuzdltAPS0WEn1gAHfeGa5/tBsFRpuhjGiTLXOxOBG8QHgg+K6Y+8aI1q0x/EPmqi/b1oPplrXB7pERuM6zppPmgwdLZKywJpgnfBcBPdOnivR2y1AR0bGNG/EHPnul8DyKuZCNcgj0rmoDSjT+4D8V6dDTY7FJGWTWmB91sDzUhrlFddtNxl8vzJ6xyGc6CMgqP0Wt9QkU2AAGC5xmDlu005mOCs7PIaBOY5QvCk0NENAAGgAgeS+w5Bq7stONgk9YZO+fipazNzWkioAPWyPz8PmtMoCIiAiIgLH1ny8nx/Fa6q2QQN4K53Xv2jTqPp1H4XtJBEEjI8QIQft8P0Hes9+kltrsktcaYqdJUcBIAYC5gJ0zfhP8Km3pfdndGGq0xOip618s9UF3uHvQbh96sqOc6QC45A6xy4r6lc/ZbHPd1oy0AU6jbajey8j3jyKLTZL9hZintBUHaa13uUhm07PWY4dxB+SIy+3dO31nlv6PU6Bh6oZ18cHJ7gyTzAIy710f0Y2WjZbBTa5zG1an6yriIa7E7NrXA5gtZhEciqdu0lH7Xl+a+/+oqPF33UG8tV7UmNJD2vO5rXAknw0HNUdmszrQ8vqPAB1z3cGj8VnTtBR+191fjtoaP2vu/mg277ls53x/F81BvC6LNTaXFzjwALSSeAyWSN/0fZd90fNfJ2gp7mO8h80F1YLrFQ54WN3kx5bpKsTcFmGtZvm1ZM7RN9h3uXx/wBQjdTPmPki01Fsu+y02EtqdI7QNa5uvExoF53ZYqZzquDWjdvP5LMu2h/+P+b8kO0bvY/m/JEdAZabIzQN+4SfMheFvvGz1BBpuPAgAEdxmVgztE72G+ZXm6/6m4N8j80WmhwFfQlZZ98Vj6wHcB+KjVbU93ae4+P4IU1la3U2dp4HLU+QVZatohpTbPN3yCz8rQXRsjaa8Et6JntPEGOTNT4wOaWLLYR9Wtai9ziW02GdzZdkBAy4n+FdFUG57qp2amKdMZaknVx3klTkQREQEREBcS21smC2VgRq6R3HMLtqqL72bs9qINZhxDIOaSDHDLUd6LDhBaAtNcexNrrwcHRMPrVMj4M7R8YHNdRurZqy2c4qVFod7Z6zvBzpI8FboWy117B2Wk0h4NV5BBc7KJEdVoyb35nms9eOw1oYT0RbVbuzDXeIdlPOfJdKREcfq7MWwa2d/gWn4OKinZq1fs1X7pXakQcXbs7a/wBnq/dK+hs5a/2ep5LsyIOODZi2H/27/d819t2Utv7O77zf9y7AiDkQ2Qtv+gfvs/3r0bsZbT/kgd72fg5dZRFtytuw9s9lg73j8F6t2DtfGkP4j+DV09ELc2b6P7TvqUh4u/2r1b6Pau+tTHcCfkuiIhbAN9HTt9pHhT/817M9Hbd9oPgwD+4rcohbHU/R7Q9arVPdhHxaVNobEWRurXv/AHnn+2FpERLQ7FdVCl/hUmMPENE+eqmIiAiIgIiICIiAiIgIiICIiAiIgIiICIiAiIgIiICIiAiIgIiICIiAiIgIiICIiAiIgIiICIiAiIgIiICIiAiIgIiICIiAiIgIiICIiAiIgIiICIiAiIgIiIP//Z",skates
"data:image/jpeg;base64,/9j/4AAQSkZJRgABAQAAAQABAAD/2wCEAAkGBxESEhUTEhIVFRASFxIZFRIXFhUXFxUVFhUXFxcVExMYHCkgGRolGxUVITEhJSkrLi4uFx8zODMtNyguLisBCgoKDg0OGhAQGy8lHyUwLS0tLTItLS0tKy0tLS8tLS0uLS0tLS0tLS0tLS0tLS0tLS0tLS0tLS0tKy0tLS0tLf/AABEIAOEA4QMBIgACEQEDEQH/xAAcAAEAAgMBAQEAAAAAAAAAAAAABQYDBAcCAQj/xABKEAACAQIDBQMIBgcGAwkAAAABAgADEQQSIQUGMUFRE2FxIjJSgZGhsdEHQoKSwfAjM0NUYnLSFBVTk6LxF2PhFiREg6Oy0+Lj/8QAGQEBAAMBAQAAAAAAAAAAAAAAAAECAwQF/8QAJxEBAQACAgIBAwMFAAAAAAAAAAECEQMhEjFBEyJRMkKRBGFxgfD/2gAMAwEAAhEDEQA/AO4xEQEREBERAREQEREBERAREQEREBERAREQEREBERAREQEREBERAREQEREBERARPjMBxNp9BgInwmfYCIiAiJXd9d6qeAo38l8TU8mhQvrUc6AkcRTHFm5AdSIFiicn2Bjscn6epiXq13uWRmPYtf6i0uFNehUAjv1v03ZO0ExFFKyebUF7HiDwKnvBBHqmeHLjnbI0z48sJLW3ERNGZERAREQEREBERAREQEREBERAREQEh969v08DhnrvqRoiXsalQ+ag+JPIAnlIXb30iYTDMyZ0ZlJBvUUajiABcmxnOt7t78JtHs1rYjIlIkqtMkC7WBLZlNyACB498rcl5hlfhVdsbQbFu1TFOKlRjfXgo9FFv5K9APfrNKmvZKTTqVENiRkqOnh5pm42E2UTc4uqOHAg+j/yu9vZBGybWOIrnkbA/wDx+PsEzaeF/DHu6KlWslV6rstBhUQu7Nle9wyhibeafYJ+k029hhRSrUr0qauEN3qIoBZb5bsePdPz7g94dmYcAU6dSpw0IvwA9Ige7lJLePe/DVKaUqopsEIbsgoqZXAt5TWy3AYj2yZbLsvHdTp+gadQMAykFSAQQbgg8CCOIh6gHEgDvNp+ZH+kWooCUxUyLYKpqZVABGgRbgCw5TQq794gjzUvpqSx+qR177y/krOGv0tjt4sNT0zh39FPKPgSNBxHEzluK3Wr4nG1MXiK4ao2gVUYimo4U0LEeSAbcNTc8TKDhd6NpVCBSBFyP1dK585TxIPO06vsTFOadBqoK1XpU+0B0OcCzXF+olLfLqr3juGqyrs5qYte9uosdOJAubiY9kb84fZ+HdKy1HZa7haVJQWymxv5RAA58dSTLHWXNTPUC48ROb1XNLaFUKLmqqZD6JbIuYeoN6yJj4Tjy8ov5eeOq7FsDbNLGUFr0c3ZvewYZWBGhDCSMi93NnGhRCHzjqR0JA093xkpOnG2ztzZSS2QiIllSIiAiIgIiICIiAiIgIiICYMbVyU3b0VY+wEzPOc/SptKslShTp1WSnYu6L+0sbBX520lcstTa2OPldOcYncvD3YtUqsdSSSupIJv5vUTWqbm4UHzqg19JfSI9HwkjiNosfz3EfjInFbQY8/zp8pheSR16zt7rC+62FUa1Kl7cMy8crfw9Vnh9i4NTwc6ni9ubdPszBUxR5ma7YnWV+pfhOr81K4bY2HY5UpqGbQMxdrEi17E9dYTdGglu1qM/W1lHnAePC/OZdkki1S+ovYe65nzFVmJ1P5/JMmZou/UZaWGwVIaUlZgOmbUAc271P3p7baSjRKaADhoP4hy7mHskW5n1RKZctTOOfKaw21KrOoz5czKLgDybslzb7InjEb14pajraki0mdFurVH8lit7s1gTYHhI1Z62kL4jOSVWsiVFcKGAb64ZcwNi6sCdfAycMrZVc8dXpath754pmJYo2HS3al0CBUNwbVBYKb8zcTc2vhXqVDWosoqLTXJc3vUpliqtyytcC9+XSVjZu0jTNRURjRrI9JwWu3ZM1yoW4W9gAT8Lyb3kpJUo0qrsaTdnlp1CCRwAGZwfJYZTrcakyuWVq+GM/6usbtbxUsUnnKKy+S9O+uYaNlHMXBk5PyNsXa1eg9mqOGzBs1zfMbEPc6kMMpvzFjO27sfSC9NkobRBRmUGnXI0dSBZyw0ZdfOHDgdbzfHk1dZfywz4dzyx/h0yJ5puGAKkEHUEagjqDPU3c5ERAREQEREBERAREQEREBOQ/SjiM2Nyj9nTpqfEln+DidenDd+6ubH4g9GUfdpqPwmXNftbcE+5XqxkRizJSsZE4wzlrrRtepMAefa0wDUgcyQPbpL4xnauWy/1S94v7ZjxE20WygdBNWsJVZrBZlWnMd7azYbF06LBHGfEML9mSQtMEXHaW1LHQ5Liw49JXxtq1ykZ8NhWc2RSx7hw7yeQ7zNXbdemq0lDBjSVs7LqMz1GbKp5gXGo0uTPO0MdVqLq1kU37NfJS3O6DQ243NzpNVk1HcQbHuN9ZpjjIplbWXAnFVKqU0oMA5y3I1F9L9358Ze8FQvhWoMWf8AsbFHFQFWDMxbW4Fxdmt3DnKNjN4FUIqJrSVQM7do3kszDMQFGmYAcdFFx1t26ONrYwu70UHbgmpXuwFWqrWCEHztCx0Jy66axnjbPSOPLvtLYr6PqGL2XRrYcZcXQSsV0FqoFR2ai4HEXzBTymxuLs6htGjVos3/AHWnbLhzcvhqjgMlXCVycy02U3yEGxBGok1uPtJqVUYVlHZ1FZkym4psNSp0Bs2pHeplo2Hu/Qwhq9gCorPnKk3Cnog5LqdO/pNOP75LP9s+S+G8b/mKbsqhtLZVTsmV8VgSdHVSzINSSUGqketT8OgYDHUqyCpSdXQ8GU3Hh3HumxI9Nj0Vrduq5KpvnKkqKlxxqKNHI6kXmuOPj69Mss/L37SEREuzIiICIiAiIgIiICIiAnAN6Kl8biT/AM6sPY5H4Tv8/O+2qwfE4hxwatWI8DUYiY83qN+D3UfW4SIxjSVxR0kHiyZzOmtCtMmx8PnqgnzUIPieQ9xPgDNes03t2mu5BGgs1+jWIA9jNNJ6rP5WtuE1a02mmpXMo0YalYUabV2AOTSkh4PV4gkc1UeUfUJVqXaF+1c+UWLM7m2Yk3PHjfuk1vHWdXoXQih2a5X4hmcXq2bgGDXFuNkEgKyNnINy1/Enp7p04Y6jlzy3VpospHUHn4z5h6bNZACxzBVUalrkZQBzOoHjNPZmYIAwItw8JKbPxZo16VUC+VhdeF7G4F+WmYX7xMtd6bzuJfB7rUEfPXtVqafogf0Sn+NhrUPcCF724SzDHrTGZ2ACLfWwCqpAAUDQDMyqFA4sNJooqle0ptnpH63ND6FQfVb3HiLzYoIjeeiupFijqrqwuGsysCD5SqfETHPK26yaY4yTeLd2cKlJ+2pAF6jtUZ81wAeCL/DbTpx6zpWyNs0sTn7MnNTIDqRYgkBh4ix4ic9dVqDywDrfUDQ9bcI+j3GNhwXqFWFZnLMvDKznIyDplC+qOHk8L3eqc3HM8ep3HU4nlHBAINwdQRzHUT1PQecREQEREBERAREQEREBERA+E2n5sZrsSOBJI8Cbzvm920Dh8HXqrbMqELf0mIUG3iwnAkSwnPz31HT/AE891gxRkNjD3SYxaX5kSGxdNhzvMPl0VFVzJvdRPJZrcWtfwA5euQOIJlr3foFKSgjjr7dZpf0s8faRb8/7TUrGbNQzTfjKVeNnB4p0BUWKN51N1DI38yNpPbYPCvr2ZovbzqXlL3XpOb2HQMJgpzMpiZ2FwlYn2LW40ctcdENnA6tSazfdzSOqUWN1YlWH1bZSDxGa+vwk2LTabFFhlqBaqjgKlywH8FUEOvqNu6T5w8bPSI2VjXokPSOUkaiwIYc1qKdGHHQ/GWfA7fwtVsjMMPW00a/YsT6NQ6p4Nca+cJD/AN10muaVQ0yTfs6uqgnjlrKOH8wHjIbb2y6qZWdMhGmckBCDwIfg2vQnjLSTLq+lMrZ3PbpOIpuBlI5oSNPKUMCVvwIZQRfhrNnZ+FWnRWn2hcgH9JkCcScoVMzAWFhx1N5zfd/eJ8Plpdt2lIkDs2UlEvbzHuGXh9Ww1ub8Jbdlbz4eqcpPY1eBp1CLX5hauinXrlPQGZ58VnpbHkl9p3Ym2MVhsai1GDYKouUsNAHuSCULGxABNwBpfjbTqYnG9oYSrUq07FVyMhBqZwoBzLUuFBJYqy5bi2h7pc9nbyMnksM6DRTwYDlfrpL8XLMeslObj8+8fa4xK7s3fDD1ajU2DUXXh2hTKwN7EMrEC9jobGWBXBFwQR1B09s6plL6cuWNx9vUTHTxCNorKSOIBBt42mSWVIiICIiAiIgIiIFY+ktCdnV7cuyPqFVJxNZ+httYEV6FWif2qOt+hI0PqNjPz09NkYo4s6EqyniGU2IPrE5uedyur+nvVjFWEjcXT0ko8066zGOiqzjKXGXHBfq1/lHwkFiaF5ObP/Vr4AezT8JNqsj5iNdJrBO+blVbzCKcrUx9poZlAnxUmwh68PhKrMQkmMAtrh72Fy41XwFhr0437poFOXPl0PgZ5UEG44jmOstLPlFl+G12TDiO8jmB4HX1zJQxBUEKfJbzk0ZW/mRgVPrExU8ew0YBlvdhYKW/mIGuus9CpTYm5NzqS1vUqkaDxNuEnU/bVd390aeK2HhauuU0W9Klql++g50Gn1WHhMbbtuxzAivoMwp3DafWNJgKgv4deM3gOY5cdRbuF7m57rme+14XHeL/ABsdRLXPOTtEwwvpj2dtJ6AFNGKqunZP5SjuyN5vPUZT3yXw+89E2Dqyn008un0ub2Kj701WxzMMrkVF9GqBUHqLeUPUwmE0KDcaZXkclQhT9l1c/wCqUtxvteSxNbPFE1TV/tCG+ayZ0p5iVyqKi1bN5JuQR1tbnNmuMMVZajUQredaopzD+IUiSfZIPC7OoaA9q3/mIPaeykthMNSQ3SkoPJmzVGH3vJv9kSL4n3MeG2aht/Zg9KkXVnxJLKMqgjs8PTYm978LXuAfJteWrA7216ShWUVFF7MxOci5sGYaEgaXtykWHLG5zMerEezU3A7plGEZug79T7tIvJl+1H08b+pY8JvqjNlaiy6A3DBuNxwsOks2GxC1FDIbqfzYjkZRMJgFS54seJPO3LuHdJnYmJyVLfVfT18j+HrmvHzZb1kx5OHHW8VniInY5CIiAiIgJTN7NwqOKZ69Nmp4hhqBbI7AaFgRobC1wRLnMeIqhFZjwUEnwAvIuMs7TjlZdxw/EbrFCVaqAykggrwI5XDTRqbtnlVU/ZPzlpxpLXJ4klj4kzWSnac/hHR55K0N1yeNT/SfnMj7FamlxdgDr5J07/CWqkkvO7exOzAqVB+kPmr6I7/4vhJnHL0Xks7cOM+ZZ0fbmGw9WvUYUksTxAtewsWuOpF5FtsWgT5lh4t7tZS8daTlinWn0fhLgd3qB9IfamL/ALN0j9Zx6wfwlfp1M5cVWB5Hh8O8Ty2nH29ZZ33XXlUbwyj5ieqW59R9Ee/2eHrvI+nVvqYqrmnzTp7JcKn0d4u10ak/8OYq1/WLe+QW0N3MXR/WYeooH1guZfvrce+RcLPhM5Mb8ovL3+2GJ4nnz/2i0+yqwtSZkqTEO+1uvCesNQzHMb5fqqenVvlKWLSpDC1ukkaeJMj6Y4TMjfGRqpTGHxH5/wBpKUMUo5n1W/GV2m02qVSN01FgGNB4CbWAqk1E/nT/ANwkBTqS0bs7OqM61GUhF1BOmY8rD8e6MJlllIrncccauERE9V5ZERAREQEi95MRkw79X8gfa4+659UlJVN66+eolMcEFz4t8gPfIvpMnasVkP5901G4zfxhmLY2DNeulPkT5X8o1Pu+MyasFLFKDYmzDr7pdsXvLTei2QkVCLC/foSCOguZO18HTcZXpoy9GUEeoGUTaVCitVuwQKg00JsSOJFzoL6adJbVxV3MmrlnoLPqrPYEqs+BZ6CRU08OtwPiZ8pV15EeuBtvgnXJcXLm2UHylFic7DkulvXJGtjaeHpjPYHkgtdj1/6yIq7RrKuWmij+IG7ew6XkN2L1qgVmCsx1eo2UeJLcfASYiuj7uYk1cOlRgAXLmw6B2A9wEk5r7Pw606aIhuqKoB62HH1zYmrJG7Q2Dha/62hTYn62UBvvjX3yvYz6NsG2qNUp9wYMPYwJ98ucStwxvuLTPKeq5ftD6M6i606oqL6JXKfiQZEjduoDYsARxBDA+vSdmkftfC0GQtWKoF/aEhSv2j8DM7w4tJz5OY092X9NffNiluz1qf6f+s36e0aZqFKTGqg4VApAPt+PCSVMyn08Wn1ckTT3cTm7H2D5zfobCoj6pPiT+EkEmdBJ8MfwreTK/L1s/Z9NOCgeAHx4yfoHTwkIrWm5g8VraaY6jPLtJxETRmREQEREBKLvfieyxPkqXzorNqARxXS/HzZepUN9tj1aj069FSxVSlRV8618ykDmAS1wNdR3yLE4+1Xr49G4qwPQqfiJhwO1XosWpMVYgi+UNoSDbyh3Cba7NxB/YVfuN+Im/Q3dxbfsgo6syj3C590p4tNsCbxYpyA1Z7H+FF94UT2g0m+25dUo2aqoJVrKoJubGwubfCc4w2Pq09AxFvqngO6x4SfFG4vEz4dNe88JU6O8TjzlB8Lj5zdp7xoeKsPz3GVsqdrY262IqNdmVF5DVjbwGnvm9htzaI893c9NFHu198p1LeGmPNqOvgXHwmdd6OmJqesufjJ3r4Rq/lexu/hguUU7d4Zr+2+vrkVtTd9aaM4q+SoJKuAb91xbw4GVwb1sP/FN7L/ETDit4hUGV8QzLxtl0v32GsWz8El/LNSq5PMZ6X8jFR6wND7JtJtXFjzcWSOjJTPvy3kOu0qA4vf1N8p7/vTD+l7m+Ur2v0m12zjf8UH7FP5Q+2MWBc4jKP5KX9Mh12xRH1j90/KfRtijfmT4fDpH3I6bx2njn82u4HpFUHsULNjD7CqYkhqrNWI+tUPkr4Lw9l5GnbVPo3sHznw7ap+gx9n9Uap0vGC2DSpgZte7go9U2HXCp53ZD+Yr+M5//fFL/DPu+cf32g4Uh7R8pbv8K6/untsYrDo2ehUuSfKpqGIPeCBYeHsmxha4ZQQCO4gyp1d4Kg8xEX1E/KaFfa9d75qjW6Cyj3RqpXbG7UpUvPcA+jxb7o1kbszeTtcVSpolkZrMzecRY8AOHvlMa58Jb9wNhOaoxDqRTQHJcWzsRa47gCdepEmYq2uixES6hERAREQEREBERASrbf3Gw2Jc1AWpVW1YpbKx6sh594tLTEDm9T6L3+rix66R/B5hP0Y1/wB5p/cb5zp0RpO65j/wyr/vNP7jfOfP+GVf95p/cb5zp8SNG65gfoyr/vNP7jfOe1+jOt+8p9xvnOmRGjdc4H0a1OeJT/LP9UyL9Gz88UP8o/1zocRo8qoCfRv1xX/pf/pMyfR2v7yf8v8A+0vMRo3VMXcCnzrv91ZlG4VDnVqf6flLdEaN1VF3Dw3+JW9qf0TIu42F9KqftL+CyzxJN1XBuTg+auftn8JkXc3A/wCET41Kn9Un4g2jMJsDCUyClBARwJGYjwLXIknEQgiIgIiICIiAiIgIiICIiAiIgIiICIiAiIgIiICIiAiIgIiICIiAiIgIiICIiAiIgIiICIiAiIgIiICIiAiIgIiICIiAiIgIiIg==",skates
https://encrypted-tbn0.gstatic.com/images?q=tbn:ANd9GcSv2DBqlt4eOLYDQnev2J4a9igTFTaa8bJW6w&s,skates
https://encrypted-tbn0.gstatic.com/images?q=tbn:ANd9GcQC3IsNkPz-g9E8yOn-Knl3BoTS7zgEz0IubA&s,skates
"data:image/jpeg;base64,/9j/4AAQSkZJRgABAQAAAQABAAD/2wCEAAkGBxMTEhUTExEWFhMWGBgbGBgYFRcfFhgZGhgYGBgbIRgYHSggIBolHxgaIzUhJSkrLi4uGB8zODMtNygtLisBCgoKDg0OGhAQFy0fHh0tLS0tLSstLi0tLS0rLSstLS0rLSstLS0tLS0tLS81LSstLTcvLS0uLSstLS8tMC0tLf/AABEIAOEA4QMBIgACEQEDEQH/xAAcAAEAAgMBAQEAAAAAAAAAAAAABQcDBAYCCAH/xABFEAACAQMCAwUFBgMHAwEJAAABAgMABBESIQUxQQYTIlFhBzJxgZEUQlKhscEjktEzYmNyguHwFaLCQyQ0VYOTo7LS8f/EABoBAQEBAQEBAQAAAAAAAAAAAAABAgMEBQb/xAAoEQEBAAICAgECBQUAAAAAAAAAAQIRAyExQRIEIhNRYYGhFHGxweH/2gAMAwEAAhEDEQA/ALxpSlApSlApSlApSlApSvEsyqMswUeZIA/Og90qKm7TWSHD3tsp8mnjB/Nq/YO0dm+yXlu3+WeM/o1BKUrSk4tbqMtcRAeZkQD8zUfL2z4cux4hbfKeM/oaGk7SucPbvhn/AMQt/wD6i1rt7R+Fg4+2p8lcj6hcUXTq6VH8K45bXIzb3EUuOeh1JHxAOR86kKIUpSgUpSgUpSgUpSgUpSgUpSgUpSgUpSgUpWK6uUjRpHYKiglieQAoP2eZUUs7BVG5JIAA9Sa43jftJtosiFWnf08Mf8xGT8ga4btl2oe7k6rAp8Cef95h+I/l9c8rI1XSuj432/v58hZxAn4YVAbHq7ZbPqMVxN9GZTqlkkkbzdyx+rVtyGsDVdG0ceHjox+lefsPnv8ACpA1r3LEDI6c6mjbXWBfw/rWTuF8vzNe4blW2YYP5VITxZTny3Hl6/8APWrMS5Io2w56TjzJwPqaxtDGOcqD01r+1ZXjU7lFJ5eIZ/Kv0TEbBE/lrnl8pep/KzXusEBVWDJOFK7hlY6h65GCKsLst7S72AhZHW7iHMMcSqMgbSDn/rz8RXEYDDxgb9Ao/YV+WdskZOhiNWMjJwcHIyOuDvVx37hdPqHs7x2G8hE0JOOTKRh0bqrDz/I8xmpOqA7A9p/sVxqbJhcaZAN9vusB1K/oTV9286uqujBkYAqwOQQRkEHyqsslKUoFKUoFKUoFKUoFKUoFKUoFKUoFVN297T/aGMUZ/gIeY/8AUYfe/wAo6efPyrrfaHxruYe5Q4kmBGRzWMe+fichR8SelVBdydByqyDUmk3rXdqSvWAyVpX61ak1yQxVULEYyeS7jPPG9ZzJX4GqURb/AGl+Sqg9cE/vWVC6DxsGPzqURCelfkyIPfYD02/f+lBCFOZ2H6VIwQS6R4W0NyLA6dt9s/H86wGdNX8P67Zz896k0kLKHLEkbHJz8KsiVpXEGnGd8jn09a3eFwIdzgnyxX7JGHGk7A7g+X/OVWb2dtraLhsZVrIXh5tII8r4jzBBJYLgcutSjgZQByAHwrTkgY8lP0NWRc8fVLi113QlhjbW5hh0ANggDI3Yb78hg8jyrHx7tbG0k8kXELkFlxFEkeI1OkDcuTzIzkAHc1FVkQR6V1vY/t5PZL3eBLDnIRiQVzudLDkDzxgjPxNTkHa+wWO0t3iM6QBT3kinwODhjpySV0k4XzC+W3GdpL9J7yeWMeBn8G2PCBpU46ZAz86qL07L9rLe9X+G2mQDxRt749R5j1HzxU9XzLwq9eGRZI20urAqfUf7Z2r6Q4VeCaGOUDHeIrY8sjOKlg2qUpUClKUClKUClKUClKUCvxmAGScAc6/a5T2l8T7iyODgyMqfI5J/IUFa9q+Pd/PJLvudKDyjXIX67sfVjXJXF7n/AGrJPGzHJ2FYmjVef+9bVqszN0wK9CDHM1+vceQ/rWLIOc5PwOD9aBLcIvM/X+lYYuI6yRGucdTsP61GcSthsYw2c753P616sIJF3I0pzJc4+fnUH7xPiE6tpPhzyI5H4Gox2Zveb6mp+TiMOCjsJc9FUn8/P1FaaQKT4LX5yPj/ALc70GnaytHuBlT6c/gfOujs43ZdaqwH94YHzJ2qFlaQbKwGPuxrgD5nA/WstlaSFg0pJXPUkj59KImLaTfHIHl8akHumAA2z5+In6KDUPNICduQ5fCpO1ETqGmbA2BOWA3J8RC5ONjyBJq0jOLtyMYJ/wDlv/5EVglkbqpH8v8A+xrzBbREZEY59dX6NWY2yDki/QVFR7zY+6fqv9a9WsuT7uPiV/Y1nkUeQ+lYomXJDauW2kb5zgHHkDz+NEanFYS2nTIEYNkE55423FfSHs+4r9osYWIVXRRG6r7oZABt6EYI+NfOndiRd8gE5BBGxB235dKuP2KyIsU0ZlzKzhtOMDQFCgj1znOPSlFl0pSshSlKBSlKBSlKBSlKBVb+2bJS2T7pdyfkFH/kasiq59scoCQDrmQ/LC1Z5FV3lz0XlUa4J3/Ws8zUteFTTMgSJ27xtCHB0s25xqO2wBJ32ANaGmSPPPwrzq9K93MJjdkbGpGZTg5GVJBweoyK8CisqtkY/PqKirngzMeZb11Z/Xet28ZohnG/4ScH/wDte4bl2GVQYPUn9hUGCw4Q0e/eYzzwM/rWynDo1Pu5PXP+2Kyx28zh27wBUXU2kDZcgZyx82H1rScJ1Z3Pq237Cg8353wv/aP6VrxxkkADJO1ZHhzyQKPMDP5natZ5EU7ZZhy8Qxn5ZoiasbNWB7yeGIDo7sXO3RIwx+te7Se31d1J400OMqGUdWVgTg7EDmBzNRHE2fWdI8LAMOf3hn4dTWogcb5HzAxRdOj4ZxGOJto2dTqzqOfeHPHny3rAtzKc/DYZPnvnT1qHluWIwZAB5AKP0FZba41Fh3jNlG6nbkdvKg3WuZCSMDbn7/71m4deOCBq8YI0kc2A3CEnHy+nlUD3yfiP1Ne0kX8R+pps0nIuJPqbI97OR8TnlnpXYez3jBt7pZHQmIA5Me/MacEcwSWBGeZGOZFcL35kGVf+Io3H4h+LH4vPz51uKtxJZyXCEKkDIkh1EMWbxKRgb+7n02pR9UWl0kqLJGwZGAKkciDyrNVC9guNPZ3MEs2Uiu0XWp90CTLRzLvgKx1HpjxCr6rKFKUoFKUoFKUoFKUoFVf7XE1T2yZ94EfzOByq0Kq32xZWW3cHBCncdCGBB/55VZ5EFbWMERmCqkboF0S3TRkN/GZGlVDtgKjYGCTkehrxbdv/ALOFC4nYySyStp0ZYnEenI8PhABwNgSBXGcQuXkYu7s7HmWJJ+prRYVofjuSSScknJPqedfs12Ixtscbefxz0rz8OdelskkDF5NO45czkjP5Z+lFQjK50s2ytkglhvg4JxzrYXiAAAQEgdW2HyHWtjjlqMwqM6QSg1c8ZGnPrvUYg5kc8npUHTdkLgyXBiJ2mjli9NTodHP++F6VByux3JAx1xy+OdqkOC2FxHLHO3h7tg+CdyVOQMD1FbfHUQpKkbYDyMyhjjCmTUB9K895pb9nfcnXp0+HXfTmu8Qnclj6napHso0Mt5bxz4SB5FWQ6tOFO2dXT41G/ZYl96bJ8kH7n+lbHC4oJJ4osELJIiF2PuhmClsbDYHO/lXdzZeKFjBDIDsGkiOD1Uhl/J/yrUteD3MpASCVvXQ2PqRgVtJckRzKuBoYEY64OM7elRstwze8xNBtTcFlQlX7tSOf8WM//gxrY4XbJHKpkkQjOCqsdRyMc8Y9flUQTnnXqM4II6EGg3GtIlJDTEkbEBPL4mvzTbj70p+Sj9q2OK8MlC/aO7buHbSJMeEvp1MufPmaiqCUV408Sh9W2DqH9Kmrrihkt47PJSLUZSEwBJIxPickHJXGkDkABt1rnZB4PlUh3nuN5OQfhzH70V2UF493w0RJbmQWJOqbvF1pExLENGQCygjIYctPlmrh9mXHTc2apIczQYR985GPA3zH5qapLsHNcC5kS2VdF4DAWlDdyGcEnce8wCkgD1ru/ZeBb3kScvtEEqSDJ/8AeLeZlY78vABt6+tKi4KUpUQpSlApSlApSlAqt/a0P7PI5ow/MfvirIqsfaxcfxFU8ggI9SWbP6CrPIqG7YLzPXHxNerewZtyNI9ef0rFef2sY6Ft/lXQrGcnyya0NQ8HiAVjLpQ5HuMz6hjwhQeuc5z19K2raeKLT3MADjxGSY6jsDj+GPCq528zmsfEMqmoDVtuPz/b865e9vnKKQ3h2+Q2H5bfSsX5W6j0YfhY47y3b+Xifv8A8bHaZ9ZLd4MiQMWPLPXAA5Z5fCteC2DBtKg4y2CcEht9scx9Kw2gOllPvc9/jy9en1rcjBEiMOqkfyn+hFX05ZWW2yabEnEbdUVpJGdyAdAJ2PkccvmahONXJKoowEYauW5PTJ64GKzcY4a7y6ooyQwBOOhr2/B5ZERMBXTOQx6HYcs+QrzYzj497y3779f2npq/LLxHPEV+YrpY+ybfelA+Ck/qax8Q7OaELq5JUZII6DnypPq+G3UyPwc9b0j+E7l1/EjD542rSFZ+EvpmU9P9q8TJpZl/CSPocV6XMgG+9bAbDDHQk/RdvzpZWUj7pG7AdVRiB8wKzxWEmo+Bh73MY5gDrSKsqzt+/wCz17E2727xzrtyDKjn4eHX9aqQire4HxqCOOSDOoXFlDFIApJEoDowwcZOk86rL/pR+9JGPmT+1SDE39n8qtXsR2IgMtibpe9jvI5ZFjyQqvFjSCQfECuSQdum+KrVrVAuDLtyyF6/GrYs729W34XKltGIopAkMhkH8Qyq6YYA5UH9qo7v2g26QWUckSKi2txbyKqgBVAlVGwBtjS7Vx96fs3EgekfElP+i+h1Mfhqjb61Pdpl4tNaTxzW9qImjbXpkcuABk6emrbaq64/xyWUyOwj1PbW7AxMWKmFw6s67lZMMVIPLIPQ1EfRFKw2k4kjRxydVYfAgH96zUQpSlApSlApSlAqs/a1akyRNjYoQT8Dn96syuY9ofDTNaMVzqjy23MqRhh+ef8ATVg+d+KL4kI6MB/3LTtDxeZZ2jUhV25Dc7eZ/bFfn2UrGuoksZCST/mIH6CtztBwJ5JxIrKAUXnqznc+XrWlb3Zx2mt2SQ50llVidzkamG+55/mK5kW+lcEbHUPmD4h9Cp+Zrs7BVQpGudKAdNyc6ifiT+ZxUFcLrMiKpJMmsbbrnIIwfMbVwtymW/XX+25JYheHuB4CRqHh9SOf6VuRSHbSNTKwIA3J6EbfL6V57rS7KEOv7xIOQCM9RsK/eG2ruziONSV3J1aR4s43wT9K3nyY443K3pJLbpN8PUpqaVlXVjC5GRz5/Wsc12gl1A5GnBwOudufxrFYWM/eDvII1jBOTksTz5amPp0FRk943fyojnCZ0bLsQMHGkAe9+lfM48MOXmyu92zvxr8vW/8AL0ZZXHGdaTUt/gFu7YKOZbYD67fnWnHeGdXCAFQME79R8DUDxu/llRHk8KN7qjPiwN2+GeVdT2fsO7gUEeJvE3xPT5DArHJjhwccy+M+Vv61cbc8tb6cWlxEpBWM8+p/3Nbd5eskjaQAdjkbHcA9MVFXEeGZfIkfQ4rf4kMlW/Eg+uSP6V9iV5Wb/rFxJhHnkZPwmRyv0JNftjlpCvIAfnnOfoDWhAN6lOD7uPN2Cj48v/KgvOOyEUvBHAA8DRnpk92GXOPUGsHFvZVYGRtCyq7B3IEgwCSdCjK7AnOB5Kamu20Rit7KQDH2e4tifQf2ZH/cK6e6YKruRggcyOflv6VgfMnaTsjPbF5ZIWWAOVVl8SBgo0gnOVBzzb154qf7LvetwmVlmi+zQXCSlSCZwxdACv3VQHJ35kNXZe13ifccMS2U/wAS7k3HXu0IZvkW0D/VXvslwlB2dumUeOSKYsfMxBgoH8mfiTWh0Y9n6yrqvL66u2IyA0miLONiIo8D8zXFJYJ9h4cyoqmW2voZCqganMLYJxzOYjVu8Bn120D/AIoo2+qA1WtqmLHh3+HxN4z6K8lxF/5Coju+wd13nDrR/wDBQfyjT+1T1cZ7IpCeFwqeaNIh+Ujf1rs6qUpSlApSlApSlArzIgYEEZBBBHmDzr1Sg+eu3vCTBJLHj3d19QN1P0rZmi7wKw8h9MZH612PtjMAjDa1+0KPc31Ohz+mG/Oqvi7VxqiKbcMFAUFZGGQoA1YI5+lblXSbt7fTJpO2DljkbDHPI/5yqG4qZkusxd2O9XQmc4AQALk/j2/OtW87Xgsqxw6IvveLLt5ZPp5VJ8WZZbYSow1Iysh9c4xXzvq+TKcmOGvty6/f1/LtxYz42+4hOJ208QWWV1aRjglehwcdBtitnhInCv3Cx7ndmYgg4wNgOW1b/FL2KWArqw+AQMNsw3xnGPMZ9ajuAX6xNiQ4DD1O/Tlk9DXKXl5PpbMsPux9a6uvyjf2zkll6qSsbK4VW1z6nbGCRlVHoNsmo48BWCORwzO5wSTjo2Ty86mxxeA/fP8AKax3nEYGRl1OSVI9z025mvFw/wBVOTfwsls31rw65fh68v1YlOltIzgYOBsPSsrsFVnY4VRkmtPh3GIRGodJCwAzjGPrnNRvaO++0KETEcYOTkklj0zt08qT6Hmy5fjZrHfn9C82Mx37cXduWdmGRqZj9TmtuY5hiby1D9MfoaytbIP/AFAfhj+tZZEQowZsLqyMdOmNgfxdBX6GTXTxNHUBtjPoDt65Pn/z0qxvZxwL/qVzGViiit7UR99ozmRumAxJDNo3YH8R5kCuMtbqzVcNHI7eYl0j6GI/rUr2d7bvw9ZFtMR96VLZUOdh4fE222o7YoL17fcAiHD7lkVgyJrHjc+4wf7xPlU3acJhkjR8uQyq2DI2NwCOtfPN97Ub+dWieYlJAVYaYxkNsfdUdKjb7tfdECIyuyR4CAuxAwMDC8httU0On7XcSi4hxkh5VjtLf+EGLBVCx6i+CdtTNqAxz8FTnZbiN9HwpIlbhywPG+81wyzYkLagV5askgD4VVU/E5AQowD1wOp6VdvYzs9aDg32y6t45JO7mkZnGdlL6djt7qjpTQiuEdvryC1gRZOH6FjVVVzcmbAAADBFKhtvOoePj94LZY2th3Ru0mWRVkwHacSBe8PhAJbA9OtddacODWfD+GoirNcxJJcuFAdbcYZ8sBnLkhAfjXn213x0WthAPEzBtC+n8OFfgWYn/QKDovZI2qyd8eF7idl8tJfp6ZBrtajezXCVtLWG3X/00AJ825sfmST86kqMlKUoFKUoFKUoFKUoKb9tDTC6idkIgEZVH2wXJ1N8Ntt/WqnvbdCnh2wSMDAwc6uW3hOeY5EY8s/VXaDgsV3A0MoOk7gj3kbowPmM/qOtfN/bDsxNYzGKbcHJRx7si+Y8j5jp9CbFcnFaEHc7VJ2XEJIlKRyMoPTbB+orxDAzsqKMsxAUeZJwBvXR8J7CXE12bN3ihnCBysj5ODvjwavHjDac5wc0yxxvmbWWuf4bBJLIkSPhpGCjLaV1McLk8hucfOpXjXAJrObuLgAPhSSDqGl8gHPoc/Sum7Teym6tYTNHIs+n3gisGUYJLczkDHx3qF7XdoXvroSaCEWJYl1YLnAyWYrtkuSdulBYHDvYvHgGW8ZgfwJj82Zv0qds/ZLw9CCwlkx0aTAP8gWp7sJxDv7C2fILd2obffKjTv8AHGfnU/UTdVz7NOzdo0EhktYnkjuJY9TorHCkafezyBrreM9lbO6VFnt1dY86B4lC5xnAQjyFRPYHwycQj/DeSN/NjH6VMcW7TWlswSadVc8l3LY88KCaF8oHivsu4bLEY0g7lujxEhwfnkEehqvpPZLHHcQWb3LHv1ncyKoGO7KaBpOenPerRtu3dg7aTPoP+IjoD8GcAVqcTuUfinDnjdXUx3YyrAjZIzzFBSntI9nJ4WsTrP30cjMue70lWAyB7xByM+Xu147FezocRt5Lj7dHCImKyK6E6QACGLawNJHX0NfQPbXs4t/aSW7HSxwyN+GRd1Pw6H0Jr5c4tZXFq8ttJrjOoLJHk6X0nUmQNmGdwfXIqbu1nceuL8MtoZxHb3RuQM6pO60Jkfhy7Fh67DyzXV9gfZxNfy98+Y7UMTrxu+/JAef+bkPU7Vyljw8rpZh4mIAHzz+1d1Bx69jC6buYBAAAHyg8hoOVI26g8q1odZ7RewfD7ez1w2wSUyxIH1yE+JwDnLHPr6E4xWHtebuw4ctjOIntXMcSTxFlkCAhnVoWJyxRW3Ddd6iO2vtI+1WyQCHS6lHdywxrTfwqOmrff6VFcInvOL3sMU8zSAHUwOnQiDGo6FAXcbctywHWppFpezOeK4We9EiNLM+CoYEwQx5WGIj7vhGo+ZY1BdjrM8R4rPxJxmCFykGeRKjShHoFy/xkHlXr2jXNt3yRWRUcRnYQl4WwQjEBhJp2O3nuMdKsTgfCo7WCOCIYSNQB5k9WPqTv86DfpSlEKUpQKUpQKUpQKUpQKw3Fqj41or45alBx9azUoKq7c+yxX1S2SgHm0B90/wCQnl/lO3ljlVSd/Nb3AfLJPE+fFnWrDzzv8jzBr6wrivaR2GS/i1xgLdIPA3IOPwN6eR6H0JBu12rbt57UHvIEt4FMQZAZz5t1Rf7mevXb1zwfBDFJLEJndUDDvGX3ioO/zx/w0uuFSq7o6mORCQVYYOoc1/56Vi4ARHeW5lUBO+j7wNjSYy6h89MaSc1VdRa8fhiVVNhEXAP8ZZ5o5TuTuUHvDYciNhW5ZdvLhZF03FxFFnxZm7/A9FkjXOPIn51H9teBGzu3iMbd1rPdas4dD7uG+8RnHxFa57H8Q3P2G43/AMJ/6VOhL3nauZftYhuwy3Dx6n7pkkcYOWAU4QDGkjfOrbrUXwnijR+EKm/U7E/E5qLmtniYJKjI4ByrqVYb7ZB35H860GvmDlQAQPrQdldSXAKkxe97pEiEMPQjbPp+VaS3DiSNu6eNhq9w4Ztgdiu/X86j7Ti7AaVbAPNGAwfip2rfTi+p4mYBe7DDI3yG5cz0369aDrbbtreQgMLp3IGO7kiLfnpBz66qiO0fau5vionRtKnZUj0qDuNW7HJ365xk+ZrA/EY2I8S4x8D8Ph/X0r8DIfvD6igjCQJYwsZyCSQTuxwAu5G3Ot2W7cgDuwNQxzByVYb7delR9zcBZi2fdCgepAzUt2Ht2ur+3jHuiQOx54VDrbPxxj5igy9p+wdzaJE0gWR55RGkcbMXLMGbqoGNsdeYrd7NcIhgsZru5MrSPK0ENvHIVFw64AU6N2GrOcHGFJ32rtvaZxUx3UGkj/2aC4uCP75HdW//ANzb51Bdj7MwWY4ndr4LWIpZQnqzHeTB5vJI2AfUeQNQbHsw7Klb+SSTBa1QK2PcW4lGpkX0jQhT/eJ8qt6oHsRwhra0RJN5nJlmPUyyHW/0Jx/pqeolKUpRClKUClKUClKUClKUClKUClKUClKUFBe0rs/fRzTXUy97GWyJFxpAJAQEZyuNhv8AWq7bLrpc7nkfInp8OlfXHErFJ4nhkGY5FKsPQ/vXzH237MyWFw0L5KHeN8e+nQ/5hyI8/iKsqrZ7BT2vF7BILuNZJ7YGNtXvgEaVcNz3UDJ81z5VJcM4rLwyRbS9ctasdNtdHkPKKU9COjftyqf2bdoY7K/SSYsqOhjkI5LqIKsw64I38s9a+h720huYjHIqyRSDcHdWB3BB/MEfGpR84e0i8MnEbl/8RkHwTSg/Ja5CC3cOS6katxnqPjVj9tvZ5JbTkQpM9rpMmtY9ZQE4KncaiDg8wSD6E1Ejstcyw67YrdwjfMLZdD0zEwEit6YPzq7VzrCvKjCtgn7v7+dftxFIpKsjKw5hlKsPip3rNwq77lxJpVtLA4cZUkZ5ig3X7L3YCsYwFbdSzxDPXbListt2WuWlEOFDlS2Na4Cg4ySpOPnzrLxTtcJX1y28DOBgazIygekZfT+VYOG8flgidYhHplJ1ZjUk7csEY0+hGN6qP2w4IJMr3hMmplRVRijkfeMuyhBzJ3OOlW/7KuF2sayzwA6VHdmVs4Yr4pCudgvu7jy9KrS07G8TmQaIJO60+HU2ldJ8WcMQMHnXRvxyWW1fh8f2e1tYlCSztNqQ9WTvFGGZyTkIDnccqlo8Txy8S4jHLnFreTFVX7z21qQzHlsjHfn7x5bV3vGVF1xC3slA7i0C3E4A8OobW8f6vjyAqrezfBr6Z9VsbiQINNvMWeOBUJ3OZCWC/wBxBk4301c/ZDs99jibXIZbiUh5pWzl3wFG530gDAz+9QT1KUohSlKBSlKBSlKBSlKBSlKBSlKBSlKBUV2h7PW96ipcJqVWDDBwQR0yN8EbEVK0oKV9pXsvKF7uxTKe9JAo3XzZAOa9SnMb4yNhEezz2kvZBYJ8yWvTG7xZ/D5r/d+nkfoGqs9pfsyE+q6slAm3LxDAWU8yy9BJ6cm9DkkqyeGcSiuI1lhkWSNuTKcj1HoR5HcVyvHfZ7FNdC7hne1m04JhCjU2c6iRgnPUdcCqK7OdpLrh8xaFihziSNwdLY2KuhwQRyzsRV4dkvafZ3YVJWFvOcDQ7DQxO3hkOAcnkDg+lByHH+x93AXnvE/6lAgJ8V1Kjxr944YkYx0HlWLhTWMd00txwuWK27pBEjQPIpJOppGLdegxnby63bShtXA9ofB4VbuIxrHJEttDE+W6gD4mqntI7i9vP4cHfOXMrRagAV1gvknYA6sZIwMiu49tXGYomaztY1FzclDcui/xCu3dxkjcsxAOPID8QrqPZD2KNhbmSZcXM+C42/hoPdTPnvk+px0zQQXEuF8d4jI0Eypa24OCFb+Ew/0ktJt0JC/Cup7MezWztMOy9/MPvyAaQf7sfur+Z9a7OlDZSlKIUpSgUpSgUpSgUpSgUpSgUpSgUpSgUpSgUpSgUpSg43tx7PLbiAL/ANlc42lUe95B1+8PXYjz6VTHHfZzxC1JzbtLH0eHxgj/ACjxj5r8zX0zSi7fM3Ae0XFbXEcDXGOkTRM4+AR1JH+nFWd2fue0F1/adzaxn77w/wAX4rGXO/8AmAHxqy6UHM9m+xFraOZsNNcsSWnlOqQk8yOi59BnzJrpqUohSlKBSlKBSlKBSlKBSlKBSlKBSlKBSlKBSlKBSlKBSlKBSlKBSlKBSlKBSlKBSlKBSlKBSlKBSlKBSlKBSlKD/9k=",helmet
"data:image/jpeg;base64,/9j/4AAQSkZJRgABAQAAAQABAAD/2wCEAAkGBxMSEhUSEhIVFRUVFRYVFRUWFhUVFRUVFRUWFxUVFRUYHSggGBolGxUXITEhJSkrLi4uFx8zODMtNygtLisBCgoKDg0OGhAQGS0lICUvLS0tLS0vLS8tLS0tLS0tLS0tLS0rLS0tLS0tLS0wLS0tLS0tLS0tLS0tLS0tLS0tLf/AABEIAQMAwgMBIgACEQEDEQH/xAAcAAAABwEBAAAAAAAAAAAAAAABAgMEBQYHAAj/xABHEAACAQIDBAcDCAYIBwEAAAABAgADEQQSIQUMQVEGEyJhcYGRMqGxFCNCUmLB0fAHcoKSorIVJDNTg8LS8TRDY3Oz4eIW/8QAGgEAAwEBAQEAAAAAAAAAAAAAAQIDAAQFBv/EAC0RAAICAgICAAMHBQEAAAAAAAABAhEDIRIxBEETUYEUMmFxkaHwIiNCscEF/9oADAMBAAIRAxEAPwDNspLDne2u7zknTwD7soPD2k++K4LYz13ZFBBy3vwzcBfvk5R2XiwO1hWLaXYOoBI4+MjzopxK6+GekRmFr6rqCCPEGLrin5+4ScxmxsVVVV+SlcpJBzqd+8fD0idPojjD/wAn+JPxlY5F7Yji/RF0XOa5mxbDQ9TSv/dqfUXme0OheMJF0Ud5ddPSanhqOVVUfRAHoLSeaSlVD400HVYoonAQ6iQSHDoIqohFEUWUQrBAhhOEGMKdOgwZjAToM6AwFp1oMGYIW060NAtMYZ7RS6GUHblK+HP2XB95X75omLXsmUXaifNVhyufQhvulY7g0I9STKUyQjC8cRNxecbOsRtOh8o5zooR70YxgDWPG3qJoNIaTJNnVypBHA3mp7Jr56asOK+/dHmtkk9D0CLIsIixwiwIwZVigEACHAjABAhBikzFcwuN/ceV91+6VHpX0qyscPh27V8tSoPo81Q8+Z4Rrgaz9e4vamlNdNbezcXJ9m7XuTuvKwhyKfDfHkzQlEUEzhun1RbqlJbA6Fib28B+Md7P6V1qq3fsm9uyND4D8TNFNukaWCaVtF+EMJU6eIdiPnN/cbjfvv4HdfdCDaGb2b7gdXFtb7x+yZdYJEC4CdM92pt6rStltu1vccdNQY2w3TuovtIT4Nf3ESUlxdMvHxpyVo0yFdwN5A8dJU8N01pn2iAftaH3aRttHbgrlkpOvWZSy3PZtu3i+vdBFW6EeKS7Rdgb6jUQZRdjbfOGrdRWN1bL2tew5UX0O4E8JeKVRWUMpBU6gjUGZqnQJQcav2GnQYEAgSsNDKXjad2qp9ZSPUES6vulQ2kLVvES2L2JMz+EMXxS5XZeTEehIiDuBv03CcVO6Oy9WE84MnavRaqGIDqQCQDZhex32nS32XL8v9EftOL5lIw7TUeiIPydL8bnyvpM02Pgmq1Fpgbz7uJ8JsmzMGKaKvIARJgiO6aRUCcohwIoxyiVzpltlqSihRNqlQHM393T4t3H877SexuKWlTao25Rfx5D1mTbZx7O7Em7ubueQG5B3D43hK4cfOQxq2BspvbjzlnwGNVqebQOVCG/EA208iQfCU566rvPkIK45rWRT4k2jY8rg7PSlhUo8S0LhqYY9kABb9rn3X7+ESxONPsgjLwF/hK4DWc2B1PAAkwxwNT6RfQ2OlrHkRwjPM/SDHAr3stdLalMJYsc11Omb6pB9595jrBbcw6h1K3uQVPKzEkeYsJUMLsbrGy5wD9pso9ZIU+iDtuenvt/a91+UeObK+kJPx8XUn+5Ibax1OoQaZ4HTXn3yJVDe9tJH1dnBSRc6G1wbjyiZwrj2Xb8+EhPK5O2dMMPCNIkqynfHWx8R1VRHN7C4Nr3sRINa+IXc2bxN/cYb+k3Ht0x42/0wRm07QJQTXGRMbTxvWOzgWud3cBp8JYeg/SM0anVO3zVQ8foOd7DuPEefO9LGMVu7wN1/ERUNbUHzHxgc25WwZMEZQ4ro3+BK30H258po5XPzlKwb7S/Rb7j4SySydo8GcHCTiwDKlt9bVFPiJbpVulC7jyMrieyU+ihbYUCtUH2r/vAN98gwb1O0dAb23SwdI0+dv8AWRT5gkfcJW62lQSD1JnStxRp+D6QUerTNbNkXNqd9hf3zpQPODOpeX+Byvw18zSdkbDo4cfNoATvPEyVUTlEUAnHRc4CCBBAjHbm01w1B6za5RZR9Zz7K+vuvCFK3RU/0hbcCOtAHRB1j/rH2FPh7X7sz1meqb7lPHnBqV3xVYvUYnMxLHme4chujquLGw0A3D8YrZ6eDGoqkN6eHVe884sogCHUST2d8Y0KUKpUhlJBG4g2Ijk4kuxaozMTxJuTbdeN1pxUaRotobiuxcFeUN1nK8bZoOaNzDwBcAxNl74e8HJEch0hAjuvE8vdF2QiEN4jGob1sGN+l99wdfUcYjdk7x7/AP3HZgTWK4Lsl+h22eorpUB7B7NQfYO/00PlNpHMcffPO1VChzp5ibD+j3b64nDBCfnKQCsOJX6Demnl3y+KXo8j/wBDB/mvqWmV7pSnYJlhkP0hS9M+E6Idnky6M96Qr/ZtzDD4H7zKpjxYg98t22heih5OPepH4SsbRp3GkTLqZXHuAotTThOkd8ptpadJ8GPyN3AhhAAhwISZ0on6VC7LQpJ9IuTy7IW7HuClvWXfFYhKSl6jBVG8mZv0q6S/Kz1VPs0QdWPtP+A7uMDLYYtytFTwYCcO4X00ilRtdYetTESyxG17PWxwaBzDnFqJB3EecRyDlFEFtwiOSOpJjnKOLeik/G0AsvAOfQfjARm5keZipUcWJ9YNsamNDWPIwFxZHAR51a84PVr+RA4/iOhCljjf2FPcQfuMcjaY40aZ/f8A9cKFtuvFkqVeBfyLQUBxA/pJP7in61P9c442kd9Efsuw+N4fNX4Cp6vAc1+KMfFM3vIgdA4/yxnWq0+CsPFgfujcuI7qUXPtUyO/IB8BGtSlb/YiAog1K2vhu5xbozjmweNpVFv1buEcfZYgMD/N+zGq33jfHWDrZWBKhrEEhhobG+tpSLObNjuLN4BkdthbofCMOjnSmlijktkqWvk3ggb8p+6Sm0RdT4Tsi9nzc4OLqSM3x4vQcciD6OPukCoHGWOutxVTub3iV3SbyfvGwfdANuXwnQnnOnOXNkAhoEGUIEL0vpBsOb8DfXduO+ZNiXB1X8ma70qH9Wf885le2U1BG8/n0ivs7PGbI417bxA+VRpicZlNmXfyIhKeLQkDXfympnfHLTpj9cXHFPHqN6k/tW+6N+pEXpoo+ip8ZKR1q2Lf0inCkPNmPwIgNjwd1NR5t95h1yH/AJafxD4NDZU/uk9an+qTGQ2+WHlDLj2hmw435bes5cJfUKbdwNorKKgRtN+BM47TqfWPqYangyRcAn3xSnhL7lJ8BeY39Iiu0Kh+k3qYIxbn6R9THX9Ht/dv+6fwiYwrbwjWO45TY+BtCC4iLVm+sfWN3xB5mL1aBF7gjxBEjNpYsUgCRfMSB5Wv8RClbqjSkox5N6HBxE4YgiQp2ix3Lr3ayXoUCFuxBJJ8Ra2vvjuPHsisvPSLT+j0/wBeo/4n/ieazjB2TMm/R9/xtH/E/wDE81vEbpbC9Hi+ev7v0M8ri1dx5yr2tpyuPTSWrawtiD3iVrGLao4+0T66/fOjyOkzkw9tCNhzgQLTpyFzZhCs8AtEXaWogR/SE5qFQfZmXbbbd4fn4TUtot82+l+yTbnbXjMs2kt3BGqgWB89L8vxBizR2eJtkaiq3tqD3iGTZaMRYC+8C/pujXHYNibqMthwvbxjdVrA6a8t3/qZNHe384kw+l78N807ZuzBh8Ggth1rsA2bEWC3YgspO82U2tM2w9QK6sVzAFWK3sGsQSCeRtLXiema1rdbgqT5fZzPmte17XTuHpFTSbsbyIZJqKiteyx7ZqtSwoR0Rq1b5peqT5vM5sLFtfZ58eUUw+EqYaklIVMLSaw1dmbMfpEKbXuZVcT0sqVK9Ks1NLUrladza7CxYnnut4R9W6ZBiGbCUWZfZZtSLG4sStxrNzjZzfZ8qSVfi+ix9I8U9PCdWSHrVrUVyrYMz6MQvAAX90julOIXBYGnhaZ7TjJpvK76rftE2/aMrmN6WVXr0q+RL0gQqG5W7XBY6g33egitbp1VYhjh8MSNxZGYixvoS0WWSLvZTH4uRcdX7e/fospU4DZ6ov8Ab1bKAN5rVdNO9RoP1RH+RMFhUoDEU6FQj23AbM1wahCk677d1xM+xfSuvVr0q7inelcomVslzvJGa5O7W/ASTfpxXfVqOGPjTYn3vAskTS8TK6v27f5+iRxm0q9aomFp4xKwrDK7U6aplU+1qCdcoY/7yxbTrZTTw2HxVPDuAAEKCoxW1lAUnTcT5Sh0+lFVa3XhKIbJkACEKovckANvPONqO3qq4lsVZGqNf2lJUXAHZANxZRYa7oFkSGfiTdaSpfht/pRO/pL2qbphbHs2qMxy9rQqtrHT6V724TPqiK29Qbbrjd4SV2ntR65c1ApZ3zl8va0UKEBvolhu5yC2lhqjAZGsBfMNR4bhJt8pXZ24cfwsKi1YqairvIE6lWDXsbyKGxyfac+n3mTOEp5FsN1lBva/Zta3pC+K6Y0XN9qkWHoB/wAZQ8X/APG816qNJlv6NKIbFg6dhHIueJGXQcTZjNTfdL4ejw/Pd5TP+kotWU+Ildx6/ON3hT7rfdLP0wWzKe+VvaHtA81/lP8A9Tqy7xnDj1IZ5Z0UtOnGdBqjGIuYdjEKrTpSOcpH6UNrPSopRQf2xOZvsoVOUeJI8gZT8BimdELb6hqCmTp1gpkAk8FfUa7jbnL9042ctbDlmNjRPWggX9kHMvgR8BMsbaDL1FMAlaLsw+0TUzaDhppaFxtD45uLtEv1ltCPXQiCGXn8Z2Jp9UVsb0mBy9x5X5aG0a1nUcPz5TnaR7WLNoerbgYsgkQK6948D+MVp114VGEm0dcciZKhRBsI1THHhXI9fuE5sSx31wf3ojZRMdWghfCMTUP96PfAzf8AUHoYtjokQvd7o5wy1R7APkv/AKkOKn/V9xhhVTjWPkv4wAZPD5RvzMPFgv3iCWrfSxOX/FJ9y3lfNejxq1PILCvjKA/vD4sF+ENMm6XyJTFuD7Vdn8mI9WI+EjnqrzjWptKl9GmPMsx+MbnaBPsoPS0Pw2ZZor3/AD6EhnPAH4fGIYnFLTUsxvYXsIgodhdmsOQjPa6WokgbyB4DU/EfCPCC5JEc+eSg5IJhOkFdKor0nNNqdmS24a5TodG4g89Z6U2biTVoUqrLlapSR2X6pdAxXyJnnjols9cTXwtCqLIxFJgCQxTPUqHX9Zz6T0gBYWG4Cw8BOt0tI+dk3J2ymdNE7N+RlWxIvkP6w9QD/llz6Xpem0pqG4T9Zf4rr/mlJbxiR1IJ1c6POq7p04TpLy5jdzFWiTztRzER0hH9Wr/9qp/KZjOLxCXQDQhQS3DPmJ9LWmydJT/VcR/2an8hmTLssVMA1dT26Vc5+eQqgHv18zCEM2O7ORrAEhsp3A81PI8u+FbuOkj8+ZBbmq+HA/dJPA7GZ6YdKgUkmykaaG2/h6SUors7cedrTViNp3Vw+IwValrUQZb2zKwtr+eUatigOffxt3GJxfo6o+Rjfehbqrwhp6kDeN54DxgU8cORigoXzMDbN9E5gR52tNGLvaFz50orgwiUjuv6GH6g8zFsMBTSzm5Jv4cLWOpgHG0/re4yc1K9I6fHywlBObSf5iJw55zqGDZ2yqSTy1O+/wCEcLi6Z1zaeH4x3RRSgYVFFywKnQWJ5jW9gIYKXtE/KywUagyO/o8hsr3uN/nu/PdBGDGbXdHuMrU0AKNfTjvJAtYZb6eMZNi77tT3BvvAmanekbDlxcFze/qOhhFA4TlsN0YvXfMq2tm5ix395MQxFMg5ajMTa9hoJvhyfbG+2Yo6jG/2H74hdbm9tbDX1kftHHtl3ALewXffjdjGtdiLC1geA8953mOcHhFr1qFBmyh2VS3LOQPhKQhGOziz+VPImnr8iy9CarHH4Cm6FWQ63FiQ+aqp9Hv4ETfrTLcUKY6R0FpgWRQhFtzDDNYeS5JqYjM4SvdJ6d6beEz2k3Yv9U3/AHSD900vbyXQ+EzOmvtr3kestHcKEemTxpzothbMitzVT6gGBPOOssZiTxYxJ53nKRW3aBfD1kXe1JwPEqbTG9kVSy/JhuxD0Aw3WIqcPEN7puFQzGsfR+TYx1UfOUsQHpAjssjdtV+A84xhHb2xzhKpp3urMHQ/ZN9D3i1pYdi0/mUseBPqTIrpbtZMS1KpTBJygMn0lYM1179++T2wlTqaRB0K75HN0Wx1QG0dmGqmpIAudOJA/wB5Xdm7HNWmXDEdthuuNJfmxNLKRc+yeGm6Rn6PjTbCkMwB619/gvGT5VHQ/wDlsq+KwDqACt7ecZCjY6rbytNXOyVbXQjhbWIV9ig6Wm+KPSMoxagsmmhNjv11EcDAU/qj3S0dLtmLTrYAAAZ62U6b+3SGvqZPYrYqagIB32EMsmkaPbM0xWHRVNhrYwdnYdWUFhffz5y+bV2QqYOu1vZpOf4TFOjPR2lVwFFmWzFCcw0b2m48YPiLiZ/eKeaNNdyL6R1gqRYA7hr8Y02hh2p1GptvU28eR9I7wNTsW5EwvqzchLG4YfKsKgN8xN/USP6RBRi3pr9AIPMqGP8AMJII18dhfFpAbVxgONrOdxqML/q9kfyiFJv9P+km6f1FscgAXmATLnsDopT/AKIr4461mAam1taaUKik5e85Dc8gBzlMe9QPkGchGY21yoqlnckaAAD1Mt1PpDWq7Op4LDjKlKiXxVTd2c5OQcgSwHMk23XuYppGyNWqF+gYfFbXWuzAtetXew3AqVAHdd1HgJtqzNP0NYTN8oxOUC5p4dLcqaAsfE3UnvvNOUTMmRm2U7JmWutqrjvmt7US6GZVtRLV275bG9MnIRp7aCAJf2QF/d0+6dGlTBgknTUk7p0g8KK/ENOMReLGJOJckNqkzT9I+GNLE0cSo3j+OiQ6+ZB/hmmuJEbd2UmJpGm/ircUceyw/OovCYzbpRhkp1qFegQErlaqfZJtcX3Wv8e6DhNsKlFaFWmy5GYI+9TZjdT4XtpfdwkXtulVogYaqP7IuaZvplYqxA5i63H60m+jm06OT5LVUEM5yFgCrZhe3cQbfvCLNaHi9j3DFKgujXHc14w6I3NFiD/zG0/ZWJ4zYaJUIDNTN+yVNxY7u/0MabB+UKtRaJSy1WBDc92mndzkuKp0ytu1ZZ0q1KZuCdeRIj1dtV1HtE+Nj8ZXKmMxQ9ugp/VJ/wApaF/pxwO1QfTfa/8AmURODY3JC/Sja1Wo+EL2vTrBl0trdD/lEmcRt6qb3+AlL2xtUVDRsjrlqAnNYekd1tuJ9Rz4CNw0tCqatlg2jt6o2EroQLNScXtrqDHvRPb3V4WihXQJbfbifxlJxe1r0XUU31Ui5DC1/K3vjjZmPZaSKEJso1sTfjyA98zx/wBNG57H3Stw2JZxuZVI9LH3gwuz6JKXtvJgHYeKxtmWm6oFte6U1JuT7WZmPHh5SVpdGcWqBDVpoqgAKpLWA5FQnne8WTSjVjJu+ivYqr1WLoOfoh29xsPWVb5KxN30J1PPU66ffLViOjlarjlw1N71DSz5n0Ci5BJtc7viJW+pIrMjm+R2ViB9RiCbeRloVRGfZKU8AKVGoXbqy1JWRd7Vs75QDr2QArN5DnL3tXC0sHsajSBtUxa061VuOVQr2/VBKgDvY85Xuki9bTLNSNN2r0aFJDvSklI6N9qwpk97GX7ohsNsfVXG4lfmKQVMNS4N1YsrEHeoIJ7zfhA3Zui0/o/2UcNgKFNhZyvWODvDVDnIPgCB5Syqs4LFVWKI2NsanYPhMm6RLav4zX8QND4TJ+l6Wqg98pjF9EbOid50YJo5iTCKmEaAwiREKyxyxjerCYq3TDYy4iizBfnEUlSN5HFe/S9pnGzMZSXD1KdTRzZ6TWvkqJcb+GYC3lrNkrmZftDZNGjtDJWX5itd11Khc182oPB/QGEw5wGOGIp5vpLow5Ef5TvEa7D0rYlftq37wJhNqbJfBV0agezUOUZyLZuCMdLg8PjGdPFlMTUaohQugJHKxtf3Sbg1ZRT6LNWGmhjTrD+TGqbRQ+y4PnY+hgipE4lOQz6QVCRRvwrL8DJB6kjNvt2EPKqp+Mkl1Mb0D2Ntqn5mp+oZ2BT5un+ov8ogbb0oVP1fvEdYNOwmn0V+Agb0b2aNsFAMNSX7N/Mkn74bGYhU00ZuC8vGVKltZkUK9YIoFgLhfK+8yPx3SBQrBHZW+i2Ueft7+O6cyxtyKOVIf9HcYi7TxmJqtZKFFQzeOUkDvutgJUdgYqmmKGIqg5eu6xgACxAc1CLHTU5V101MPs7ZtbEUK2JY9g1wrXNjVqgDIi01F3bt34AXOuk0d+jWF2bs9q9dEbEtTKrnsyrVcGy00ItdQfa1PZOttJ1aWiF2VbYWHO1NqKtS/VF62JdPqqbC1+N+wt9JvdCiFAVQFVQAABYADQADlKB+h3YJpYZsU4tUxJBXmKK+wPM3bwtNGQQMVsFRDTpxMbokJ1jpMu6cpZge/wC+abVMzrp6mhMOPsdrRVg86Nw0GUAaiYmxhiYQmIEK0QeKO0QdoQDWpKx002Z19AlRepSu694+mvmOHMCWWtGOJq5dwueUdIFmdYLa4agaOIUtSIyhhqyMNQPw8OPCKxK1HqUut+muRWNtQRdLkbze9+Ms20ujZpscRTUVAGzPQI0KkG+XmRf88YrauzaZoHEYaoSikMaZNyhuASDfSwJ3+s1Bshq2FKHKw/PdacijgzJ4HTzta0c4vENltUU5hYo9rBr8+B8ozFQc7QNGTHO0sJVFLO1TOl15cSADe55yS6jEk6Nb9gmQ1djkYcN55GxvrJRds1Rp1rei/hJtMomgm18FiBRdnYlABfS19Rbjzi2ITKAOtvpuXUL3MWuPK0Z7S2g9RCGdmGm86bxw3QtS5JvzNhNXzNYakt9xNuJHZB8hofOXTo5sGnSoVMXiQuREZlRgMpNuzmvvJNgB3yp4RwmV2I7LqerIIzqDd7tuGm6TnSanjsRSpO9Pq6NWolKgl7AtUvlIXedAe0QO7fAzIX6JYn5AmGrYtOsplHrUKauuZar5SKr0zrZtytrbLoI4rriNr7Qp0apFgbuiHMtCkLFwCNMx0F+e/kLG2x6FNzgcEgr4p1yV67gMmHpkZWFrZVNtLDXmSbS59FuiOHwGY0QxdwoZ2IJNuAAGgJ1t4cotmZP4eiFUKoAVQAANwAFgB5ReAJxMyJPZxMTd4DNEnaYZILVaUjpwl0MubmVTpet6beEaHYZdGbLU0gxuWnToonZrRaJs8TapEXqSVDCjvG1WpCtUiLRkhQKrmJCn6xbLOtCYbVKUqm3tghmZqByPUBWon0KinfmHA9/+8t9UHcN/wgUsGF13k7zNYTLcPiULUqeIIVaQcNe5D1ASgB5AAH0imK6PI4zUHFuQIZfIg6TRW2PTOYdWtnJZgQCGJ3kgyC2j0Rw4N6asjnd1bEe43A8prNRneIwj0+w99b2tqDpDOjHUBrd1iN3hyl4boXUK3OIPPK6h93C99PGN9jdGMVUpLlqrTUgHKaYvewBvpc7uMV0FWU40m0ve3I9xHdrwlnwfRmvWYG5pqTotyTbmQLAefpJTanQ/E9XrXFYobrTWiqnXQ2Ya9+7hLThugFJtcRXr1b/RL5U8NBf3xG0MkI7No7L2fTZXdHqOpRwtqtRswsVIXRb8jYSF2LQxGNrYfZ756KYQVKq1GVhV6s2FIsLizBXABHjraaRsfo/hcNbqaCKRuaxZ/wB9rt75N0qa3zZRmIsWsMxA1AJ5d0SxhLYGxKOEp9XQTKN7MdWc/WduJ/IkuoiVKKFphWCxiZaFd4kzzGSDs0RZoBaEZpgnMZX+ki3pt4GTjNIfbQuh8IY9gfRktRNT4mdHNan2j4n4wJ2UQsv7PEWaFzTryJQETgJwhhCAHLOyzhFFEAQEpWigpwVhooRKoOA3wKWFA1O+OEW0OEvAEamhnPd8Y5WlbQRYLFEWBhAw9ADxjxIksOsUI5QxzSaMlMVRoDEgKkBqka552eYwsXhC0SLwpaYwqWhC0Jmhc0xgzGRu09VMfExlj9xhRjOq9DtN4n4zpJVaPaPifjOnTyJcSRDQQZUU6Uvxpqf2iPujlOlHOl6P/wDMnyQ1FnBh1ldTpMvGk/kVPxIjin0jpH6Lj9kH4GbkjUToiiyGTb9D6zDxR/wilDpDhm9msh8yPjBYaJkQ6iMKe1KJ3Vqf76/jHdOup3Mp8CDBZhdRFREQ0UBgCKrDCJgwwMARUGGDRIGDeAwuGigaNg0OGmMOA0HNEA0HNMYWzQM0TzTs0xg94BMJmgFpjB7xpjN0XLRtiTpMYrVRNT4mdFXXU+M6UsBmaRanOnSYRdYus6dAYSxx7FuBIB8DvkdstAteyiwsNPJp06LexvRPmV7GV26wjS191h+ECdGiKyXpmyi2nhp8Im+Pqr7NaqP8R/xnTpkYR/8A0uLXdiH8yD8Y+wvSzGafPfwU/wDTOnRgFs2Ztes4GZ7/ALKj4CWKjUJGpnToAoXBigM6dMYMDDXgTpjA3gwJ0xjoBnTpjBSY3rnSdOhRiFfefGdOnRjH/9k=",helmet
https://encrypted-tbn0.gstatic.com/images?q=tbn:ANd9GcRh-XWfVHUqq5cnDyDGumzzDzN2vPOHG5jJwA&s,helmet
https://encrypted-tbn0.gstatic.com/images?q=tbn:ANd9GcSVXba9t5Y-TFQ5mwTT1cQHFFfZXLH5u9Om7w&s,helmet
https://encrypted-tbn0.gstatic.com/images?q=tbn:ANd9GcRK3KsM71wmIPHfvpUjTaHW9lQyW4Va1YDp_Q&s,helmet
"data:image/jpeg;base64,/9j/4AAQSkZJRgABAQAAAQABAAD/2wCEAAkGBxMTEhUTExMVFhUXFhgaGRcWFxgaExgWFxYXFxgYFhoYHSgiGBslGxUXITEhJSkrLjAuGB8zODMtNygtLisBCgoKDg0NFQ8PFSsdFRkrKy0rLCsrNzA4LzcrKystKzc4NzcrMCs3KysrKy0yLjctLTcrKys3KzctNystNysrLf/AABEIAOEA4QMBIgACEQEDEQH/xAAcAAEAAQUBAQAAAAAAAAAAAAAABwMEBQYIAgH/xABHEAACAQIDBAgCBgcGBAcAAAABAgADEQQSIQUxQVEGBxMiYXGBkTKhFEJSYrHBI0NygpLR8DNTY6Ky8RUkwuEWNFRzg5Oz/8QAFgEBAQEAAAAAAAAAAAAAAAAAAAEC/8QAGhEBAQACAwAAAAAAAAAAAAAAAAERMQISQv/aAAwDAQACEQMRAD8AnGIiAiIgIiICIiAiIgIiICIiAiIgIiICIiAiIgIiICIiAiIgIiICIiAiIgIiICIiAiIgIiICIiAiIgIiICIiAiIgIiICIiAiIgIiICIiAiIgIiR11i9ZIwbHDYYK+I+ux1SlcXAt9Z7EG24XBPIhIjMBqTaFYHcb+U5R2rtSviWzYiq9U/fNwP2V+FfIACW+Fqmmb0yUPNCVPutoHW8TnDZXWBtClYLinYDhVAqX8y4LfObfsrrcrjSvQp1B9qmSjexzAn2gTBE0/ZXWTgK2jO1FuVVbD+Jbr7kTZsFtGjWF6VWnUHNHVh8jAuoiICIiAiah0r6w8LgyaYJrVh+rpkWU/wCI+5PLU+EiPpJ1k4zEEg1eyT+7oXXT7z/EfcDwgTxtPpDhMObVsRSpt9lnUP6Le59pih1h7Mvb6WnqHA9ytpzU2Ia2cIct7FrEjMdbE/atraUGxh8PYQOtdm7aw2I/sK9Kr/7bqxHmAdJfzjn6QLg7iNxU2IPMTObO6c7Qo92lja3gHPaegFQMBA6qmLo9IsK9c4da9M1hfuA63GpAO4sADcA3FjIRxPTraFah2deuoB+I01COw3WZl58QoF927SWnQRe12lhaa921QODuuKV3I8iEI9YHRsREBERAREQEREBERA1rrD6RHA4J6yf2jEU6dxcB3v3j+yAzW45bTmqpUJJZiSzEkkm5JJuSTxJJJv4yeeufaWHXBfR6oLVapvSC71ZCD2jHgova3HMRzIgjLApa8o73L5yoYEDzTfmCJlMO+kx6mXFK/C8C9ZpSJscw0I1BGhB5g8J8uT/tLvYyUjXpjEsVoZr1CoJbKNbWGutgtxuvfhA6I6KVKjYLDNWJNRqKFifiJKg3PjzmVmD2V0rwVdlp0cQhZtFTVWNhewVgDuB9pnICQt1mdZFU1KuEwxNKnTLJUqbqrspysEIPcUEEX3nwG+aZBnXdsWnTxVKsi27dWL/ZL0yov5kMt/K++9wjIVGf4e6vPnPq0VH3j/XCVN/HSVKVMkhVBJJAAAuxJNgAOJJ0tAp3bhp4Ty7H6yhhMzW2I1Mla1SjRYGxRnL1BxsVohyp13G0x9RQCQDcAkAi4BF9DY6i+/XWBjMZg7LnQ3XiOK/zEuthYT9a27XL5DeZWpIQTYXBHeHC3l/XCXLkLRsD8KqPmN8DKdnQVFrV6l7gMlBPjN81u0Nu7cFG8jz0md6rMTTfHjE1GVRRp1dNFWnRSn3qjWAAALqL6aseUjPF4y+7+v6v8pc7K2a57z3A5fz/AJQOqOjnSbDY5XbDuWCEBgVZWFxdTZgDY2OvgeUzEgrqk2oKOP7Mmy10KeGde8l/Zl82EnWAiIgIiICIiAiIgc/dcNVm2nUDHRadJV8Fy5v9TNNRw+Gz+xPAABRckk7hpN6676IG0EYfWw6E+YqVR+FvaabQACk3N9FyhgpItckk8Lge8Cn9GQD4g2nDMR6mwEr1cMimldSWyFnAsAMzHswb6A2GbxuJ6oUe1YKAFFxdwWOVeLMW0Fhru4T0hzu1UBSrVWYqzAaBu6rXP2QP4jALUXgp/wOs/kkuMEgaooIyqLs9iTZEuzakDXKNPEgSnUqMSSa1rkmwrKFF+ACbhPT1lWm4DhnqEBit7LTBzEXI1JYJu3BPGB9om7AkWBJdgN2UXaw9Bp+1KFHvOWbXRmPn/uRL1aa961WjZhazGoLC4IGi6Hugb4+h2BymnY2uwqobAG+ikhuXtA+7PvSenWS+ZHDgC50p5XJPG2tvedH0KyuqupBVgCCNxBFwR6TnKmbGkxJS6l1IF9TUbfzFlAsNZOHQOrmwFAXvlTKd9u7ppfha0DYJqXWf0eOMwThBerS/SU7byVHeQc8y3AHPLNtiByKhmR2Mr9sj02pq9N0dTUZVXMrAroTd9QNFuZsXW1sBcJjy1MWp1wagHBWLEVFHhezfvW4TVcLiXptmRirC9iN4uLG3KBtxwTVKOLd6X0jFV3QpUSk60qQz5qjB6qoO9e3cvw11NtYx+zno5Q5S7AmyurED72Umx13SjiMU7kmo7MT9pieAHHwAHkBKOcQLjC7/AEmP2xiLJbm35GXuHbXdMZXpFqwQ7l1P5QPmydnFiHf0H5mbLSAAsJZo9hLjDteBfYRglVGJyrTKMSLDvDvgk+YGk6WnMZKZ2L2NmtY3Nwumg8bcdJ0b0frM+Fw7uCHajTLA7wxRSQfG8C/iIgIiICIiAiIgQV12Of8AiKXBsMPTtfcf0lUmx+U0T6Yw+EKvkoJ92uZvPXPtwVsaKC2y4dcpP+JUys/mAAg8800bF4UrT7YXanexIHeQ/wCIovl89Ru8oFKriHb4nYjkSbe08ASl2hPwr6nd8p6Wo31u75AWgV0BlcNbeQPWY+qTzOpA38CdflK9FOAgXgqr9oT7nB4ieaVEyrUpjiOECthcY6aA3Xip1Q+hk39VVbNgb2IAqMPDRUBy+F7yBsFsypVrU6dEqHdgoVzamSTpc/V5XHhOhOr3YlbCYTsq5TPnZrISVAYDS5Aubgn1gbNEQTA5y62NptiNpVbHu0SKSg7u4O/f99n9hymrYKk9W4SmSVyggEfWDEWvv+BvaZLpE4bE16gNxVqNVB3aVj2oHnZxMn0Lofo8Q9v1ij+Gk7f9UDX6uzcQu/D1B45GI9xLaorDQ3U+K2PzkyUeG8n/AG38L6mecTQDqQbG2tz73EmVwhpaT/3ra8gt/Q20nvC08vMkk3J36bpJm1dh0q9E5URH1syqAcykixsPhJFj5yOsUAuVtADffzsJUe5d4JrEHlLTBsGvcy7CAbiflAq4l7Akaczx9zrOk9ihvo9HOLN2VPMOTZBce85rwdcpURyfgdW/hYH8p1DAREQEREBERATy7AAkmwAuTyHOepo/XDt36Ns91U2eueyHMKQTUOn3AwvzYQICxeID1aj52fNUds7AB3zMTnYDQFr3I5mV8BjnpElTa6lTcAgg8CDoR5zE0UYi50NzYchwBlenV4HQ/wBboHkOaTEEdw7vDy/lK1wdd959ZbixlutEodDpygejQsVI3X3cPTlL/CLrLBsUptYj4t3jYiZA4lEJueA3andyEC+WeKzWI9fwMs12gW+Cmbc20HoN8OKtwxAa1wFGg1G/x3QLihVYMGQ5WUhgeIKm4PuBOosK5ZFLWzFQTbdcgXt4TlXDNUBzNYEG4AAI011DXBHnJ76sek1XGUagrsGq0mF2AC5kYHKSBpe6sNANwgbpMN0yxJp4HEMpAc0yiE7hUq/o0/zOszM0rrbxvZ4Hj3nG7gVVmRvEdqKQ9YEEY2sHqs43M7EeC37o9rTb+hOG/wCUJ/vK7n0slL8SfaaQTYHykobBwfZ4XDU7fUDHwLFqhv8AvMvykqxklHoCded7gA3EqW5jXgvjY3BM8Jz47idwHHSGe19bDczHQ3sLGZVb4bc45P8AkD+N5GXSPCgVKiHctVreTHMPlJIQ5a5FrCoun7SEn5gsZo/TOjlr1fvBGHsF/FTLErCYamF3CXQfwlpQNxK3ZHn+E0itUS6m3IzpzZdcVKNKoLgPTRgDvsyg6+Os5lw91IPIg6gEG2oBBFmHgdDOkOjG1xi8LSrgZc4N14BlJVgPDMpt4WgZSIiAiIgIiICc89c/SU4jG9gMvZYZiikXzNUbszUza2IUpl3aWbnOgMZXFOm7ncisx8lBP5TkR6zPUZnOZibt95nu7nzJN4FxPLUg3nwPGUqTcjccvrL4SujQPKMxHDl7R2fMk/hLepWK1LcDLxRrApsnfbkoFh5y6wGFUC4AF5TTVnPNj8tPyl5hdNPaBc00A3T6TrF5RL6+kCli/iEkDqax2TGNT4VaRH7yEMP8ueR8oJN7j0OskXqg2C9TEfSzYU6JZRY6tUZLWtyCvfzt42CZpFPXxXYJhVBsjGrmF95XsitxxAuflJWnMnS/bj43EVatRyyZ2FFb91ad7KFG4EqFJPEwMIq9oyUx+sdV/jYIP9XykyGorkhGXTMuXfopybt4Hd3yI+j2Hb6XRK02YLWpEsiscveFixG7de/hJabCobEDKfDQg+cxzWPWYj41sN2hupBtvJlDEt6n1AsT/IT5VLgWvmHs3vMTi8QBvYjUEAjKDbfcjQ38Znh29Ku6zFgCpu6klSd1wdxtrb+XjNf6Z0cy06liCwdSDvHFRp45tRv3iXv006HW/Mara500J4CW/STEiph0IHwvY+Y/DRpuI0rCNqJkRMZTFmI5N8uEyazSPQk7dViAbNo24mqT59q4/KQQSBJ96uNn1KGz6KVAVY5nynQqHYsARwNiCRwvA2aIiAiIgIiIGC6d1imzsYw3/R6o90I/Ocr0j+k/ePyQCdZdJkpthMQKys9LsahdU+NlCEkJ96w08ZyPRstQKL/ETrqbNuzGwufGBd4ld1vi5jf/ALT7TLfWX1H9aTxiTYg8iJeA2MC1rqL/ABWJ0sdR5+k9mswF9DbiDrp4f95a16l3ZTy/MTI0qC31A9oH3BaoG56+5Jl2trbwJ5oqt7WGu4eN55S3aZLAa2v6XgXCVww0IJ3EDU3my7Aw608O9dlGZu6pO+x/Ka8KIBJ57/5iZ7EYwGhlG7KTbkbbve8K1UUuzr1aem/MADcAMA4B8QGAkt9SOL/8zSLf3bqv8Suw9qYPpIVWqfpta5/XVPbMwA+Qkk9U1RhtFLbmp1A37OXN/qVYRNG2sT2eHrVPsUqjfwoT+U5VVgFF+B/ATpnp1Vy7OxZH/p6o/iQrf5zmOpuPlAk7q22GUoNXYd6qdPBFuB7m/oBNixiqgJY2A8eQufLTW+7jLilTFDDU1N7U6aLbiSFCgepkLdNOmL4xuwoXWkSFJ3NUJOg03Je1hvO88AMbrWkpVKwteYXH1bzLph8tNVJvYb+fjNb6RV+zW45geZY2A/E/umILZ6a77WPNTY/KXIw5fB1luWKsCL7xdbcN+6Y9WuLzL7CxaolfOVVbJcsQFF8+8ndbT3lRodRO+TzAI9hLlA54gTw7ggFSGAJAI3EcCPA2l1hWF1LC63FxexIvqL8NJpGe6u6K/wDEcLm73fb4tRfs3tpuve06Gmh1NiUKmKwGOwwRaV7PlAUZSjCkbD6wchDx1A4TfICIiAiIgIiIHwicu9ZXRJtnY8gD/l6xzUWtoACCaZ8VNh5FTOo5hulvRujj8O2HrDQ6o4+KnUHwuviL+oJHGBytixcHSXGa+vPX31nrbOFajWq0X+KnUdG0tqrEXF+B3jwIltTDZRYg6fhAs65tU9D+BmapmYbEA9ounLxmQw+IGUE8td/rAvla1RT4ke9p5xXdr38QZ7psCUO/Ue+oE+42kO0GY7wNeF7wM/0coGpjMOgGYmvT0tfuhwzEjkFBJ8BL/pxsRsHinQL+iclqfLId4H7J7tuVuc2bqVf9LiQUS4VCHy98Akgpm+ybA25jjw3npp0eXGYcpb9Ineptus3FSeTDQ+h4QOWtrjs8a55sG/jUP+cknquznaFIJ8JzM/7ARiLnlmy+tpcbf6vsRiKDulFl7EVKgot/aVcQ7KpCsNCiUERUA3mnr8Rm09SWwmpYZ69ai9OszlF7RSrdioUiysAQC+bzyjkIGb62WI2ViLEj+yGnI16YIPhY6znOsQd3r73tOo+mOE7XA4qna5ahUsPvBCVPmGAM5VxWICDTeRccvOBPu0f+YwIZNe0pqRwvmUWPhYkH0nO2xky4iiHB0rUwRxFqguPOdK9H8IgwtOkpzItJFGt7oV7pvxBWxvItodHGG1a9XKCqlXUW/W1CblRuFnp1teHd5i2ZVrcsYs0XphWzVqFLmzMf/jp9351G9pv+H2ZVY3Y5RyGpkcbWRTtOoL/2dMAn7Wc9oNOAytw/7SRaqCvY2G6Ynbzdo/0dTc5Wcj79kKD/AC28mvMzk4gH0E1rFlvp6ncbd0jf8LAX5m9x7SxFLZFS9Mjl+Xe/AmZnBU2cqqKWZiAqgXYk7gBxMw9GqoxVVVN1Lk+AOY3A57/lMrs7GvSzqpykgqSLZsp3gNvAPG28abjNIk7ontClRptgmfO9NqdfMGBpLVWtSvSpniActyNCS9uZlqc0dGqJqYvDIvGvT9AHBPsATOl4CIiAiIgIiICIiBA/XtsiomMTEnWlVpqin7L08xKHzBzA7z3vsyNqTWFhwP4/0Z1b0l2HSxuGqYeqO640YfEjDVXXxB1+W4znzbHVhtOhVIXDmuutqlIqQR+yxDKfAi3InfA0rFNYg8jLrZ9e90P1Tv5i8q7c2TWwxy4ijUpMRdRUUrm/ZJ0b0mLwj2qr95be2n/T84GwX7t+WvsbyvtFr00J3k/zlCgdD/W+XuA2ZVxXZUKC56hZwFuBfKpY6sQBoDvMCVupXDaYqrzamg/dDMf/ANB7STpr3QXYBwWFFN7GozM723ZmsLA8bKqi/hNhgIiIHmogYEHcQQfIzkXaWzypNM/FTZkPmpKn5ideTS+knVngsW7Vf0lGoxJY0iMrsdSWVgRck3uLEnfeBBPR3pHtCgVoYZi5yuVpMA1lVTUfIbhlAVWNgwG/S823qs6RCvVrdu47d3DKLWDJkAtTHHKV1Gp7+bWzGSBsHq0wmAp4iojVKlWpRqIalUqSqlTcIFAAvpzOm+c308A4y+huDu8uUlg6gBWxIIOUXNjf8JpmD6JUqlSpVZQWZt43lQAqWI1y5FQ25k+Ei3FdIdoU6VvpVa3w6vmYA/ZY3ZTrvBvu5Cbj0B6xqSUqeHxI7MoioKmvZMqAKmYi5psFsL2KnKDddZMLltzdHKVNSQCBY6m5kN4ls+1Aq3OWoE9VWzf5s2smTbvTXCrhq1Sk9OsyU82RHRzYstMZsjHKM1RQSbWvz0kGbI2oaeNTFVFzWrdo6qALhmJcKNw0JtEKkX/wlRdizUQHN+8pZTc8bAgE+Ymv/wDCHNXsuzZ6mYqAgJLlRrYDW9pL2xMVhq9JatKorLuzbhfk1/gb7rWPnvlx0X6LocY+MLE9m7imB8JLrqxPG2dltz1vwllKw3Vp0FrUq64rEJ2YQHs6Z+MswK5mH1QAW0OtzfSwvKkRKhERAREQEREBERAREQKGMwdOqhp1aaVEO9XUMp8w2hnPfXp0Xw2Bq4WphaXZLU7QsFLFMyGmRlBJC6MdBYTouWe1dl0cTTNKvSSqh+q6gi/MX3HxGsDlPCVNfP8AoSeeqDo0tDCjEuAatfvgkapSIGVQfvWzn9oDhKlPqk2WrhhSqWBv2ZrVDT04G5zEeF5vKIAAAAABYAaAAbgIHqIiAiIgIiIFOvSzKyncwI9xac947q22lROXsO1A0z0mUqfRiGHqJ0REDmzbfQrGUMKcRXpCnTVkBDOpc5mCrYKT9YjeRNbXCqT8I/D8J1licOlRSlRFdGFirAMpHIg6GalW6sNms+bsWW5uVSrUCegzd0eC2gR11a9HBiqG0qKhVNTDpTViLgOxqMtzvsGVSbchNM2n0E2jSqWfB17br00NVLDjenmAv42nTOxNh4fCIaeHpimpNzqxJNgLlmJJ0A3mZGBEPVH1dtSY4vEitTa4FOkSadwN71kFid9grfeuDcSXEQAWAAHIaCeogIiICIiAiIgIiICIiAiIgIiICIiAiIgIiICIiAiIgIiICIiAiIgIiICIiAiIgIiICIiAiIgIiICIiAiIgIiICIiAiIgIiICIiAiIgIiICIiAiIgIiICIiAiIgIiICIiAiIgIiICIiAiIgIiICIiAiIgIiICIiAiIgf/Z",gloves
https://encrypted-tbn0.gstatic.com/images?q=tbn:ANd9GcSeA9BHqtWYoUcZo1xBRN6BiceCPvSlVDG4TA&s,gloves
https://encrypted-tbn0.gstatic.com/images?q=tbn:ANd9GcRHP_wf1UZT3CEy9S01g6HIBhUGV1nzBQxO6A&s,gloves
https://encrypted-tbn0.gstatic.com/images?q=tbn:ANd9GcTuoOjBqfPb-IpDqLXinvK1VZfiNzsmzvfWAg&s,gloves
