image_url,equipment_type,split
https://c2bfe19d1ca0edc50ce2-ce1e1891d5288622161b9aa342eed946.ssl.cf5.rackcdn.com/images/9e96749f-3deb-4be9-9773-baceae6b5388/true_l95_blocker.jpg,blocker,train
https://c2bfe19d1ca0edc50ce2-ce1e1891d5288622161b9aa342eed946.ssl.cf5.rackcdn.com/images/9ea4870d-0aca-4df1-9ce9-995d1f13a3ec/ccm_e-flex7-pro_blocker.jpg,blocker,train
https://c2bfe19d1ca0edc50ce2-ce1e1891d5288622161b9aa342eed946.ssl.cf5.rackcdn.com/images/9c356989-1f5f-4ae1-9b77-c0448ac79f8b/true_l87_blocker.jpg,blocker,train
https://c2bfe19d1ca0edc50ce2-ce1e1891d5288622161b9aa342eed946.ssl.cf5.rackcdn.com/images/9c1ade6e-e783-446e-8172-a4dac3532fc9/vaughn_ventus-s-l-r4_blocker.jpg,blocker,train
https://c2bfe19d1ca0edc50ce2-ce1e1891d5288622161b9aa342eed946.ssl.cf5.rackcdn.com/images/9d426f3e-04cd-462b-afcf-5dde3388636b/true_catalyst-p-x5_blocker.jpg,blocker,train
https://c2bfe19d1ca0edc50ce2-ce1e1891d5288622161b9aa342eed946.ssl.cf5.rackcdn.com/images/9c3569e2-38b8-4470-8fff-8b0156286235/true_l20.2_blocker.jpg,blocker,train
https://c2bfe19d1ca0edc50ce2-ce1e1891d5288622161b9aa342eed946.ssl.cf5.rackcdn.com/images/9d7cb39c-2f11-4166-8fac-e63a36442d7b/brians_optik4_blocker.jpg,blocker,train
https://c2bfe19d1ca0edc50ce2-ce1e1891d5288622161b9aa342eed946.ssl.cf5.rackcdn.com/images/9b498726-d6c9-42f1-8838-80418cc0d053/brians_iconik_blocker.jpg,blocker,train
https://c2bfe19d1ca0edc50ce2-ce1e1891d5288622161b9aa342eed946.ssl.cf5.rackcdn.com/images/9c354e19-f841-47f5-a496-59c7bb4c8f83/ccm_e-flex6_blocker.jpg,blocker,train
https://c2bfe19d1ca0edc50ce2-ce1e1891d5288622161b9aa342eed946.ssl.cf5.rackcdn.com/images/9ef4f794-0a99-438a-b014-6b49e0cd831d/bauer_vapor-fly-lite_blocker.jpg,blocker,train
https://c2bfe19d1ca0edc50ce2-ce1e1891d5288622161b9aa342eed946.ssl.cf5.rackcdn.com/images/9c353aa5-4e81-4669-bdcd-156664b5c2fe/bauer_supreme-mach_blocker.jpg,blocker,train
https://c2bfe19d1ca0edc50ce2-ce1e1891d5288622161b9aa342eed946.ssl.cf5.rackcdn.com/images/9c3562b9-12fc-489a-9df0-3ba009dc7af0/vaughn_velocity-v10-pro_blocker.jpg,blocker,train
https://c2bfe19d1ca0edc50ce2-ce1e1891d5288622161b9aa342eed946.ssl.cf5.rackcdn.com/images/9c3542b4-9210-44bd-996a-708f2e67b529/bauer_vapor-hyper-lite_blocker.jpg,blocker,train
https://c2bfe19d1ca0edc50ce2-ce1e1891d5288622161b9aa342eed946.ssl.cf5.rackcdn.com/images/9bf0e91a-fc13-4659-be2b-559771937038/true_catalyst-p-x3_blocker.jpg,blocker,train
https://c2bfe19d1ca0edc50ce2-ce1e1891d5288622161b9aa342eed946.ssl.cf5.rackcdn.com/images/9c356347-04d2-4e3a-baea-5d72ec245ab0/vaughn_ventus-s-l-r3-pro-carbon_blocker.jpg,blocker,train
https://c2bfe19d1ca0edc50ce2-ce1e1891d5288622161b9aa342eed946.ssl.cf5.rackcdn.com/images/9e96749f-3deb-4be9-9773-baceae6b5388/true_l95_blocker.jpg,blocker,train
https://c2bfe19d1ca0edc50ce2-ce1e1891d5288622161b9aa342eed946.ssl.cf5.rackcdn.com/images/9ea4870d-0aca-4df1-9ce9-995d1f13a3ec/ccm_e-flex7-pro_blocker.jpg,blocker,train
https://c2bfe19d1ca0edc50ce2-ce1e1891d5288622161b9aa342eed946.ssl.cf5.rackcdn.com/images/9c356989-1f5f-4ae1-9b77-c0448ac79f8b/true_l87_blocker.jpg,blocker,train
https://c2bfe19d1ca0edc50ce2-ce1e1891d5288622161b9aa342eed946.ssl.cf5.rackcdn.com/images/9c1ade6e-e783-446e-8172-a4dac3532fc9/vaughn_ventus-s-l-r4_blocker.jpg,blocker,train
https://c2bfe19d1ca0edc50ce2-ce1e1891d5288622161b9aa342eed946.ssl.cf5.rackcdn.com/images/9d426f3e-04cd-462b-afcf-5dde3388636b/true_catalyst-p-x5_blocker.jpg,blocker,train
https://c2bfe19d1ca0edc50ce2-ce1e1891d5288622161b9aa342eed946.ssl.cf5.rackcdn.com/images/9c3569e2-38b8-4470-8fff-8b0156286235/true_l20.2_blocker.jpg,blocker,train
https://c2bfe19d1ca0edc50ce2-ce1e1891d5288622161b9aa342eed946.ssl.cf5.rackcdn.com/images/9d7cb39c-2f11-4166-8fac-e63a36442d7b/brians_optik4_blocker.jpg,blocker,train
https://c2bfe19d1ca0edc50ce2-ce1e1891d5288622161b9aa342eed946.ssl.cf5.rackcdn.com/images/9b498726-d6c9-42f1-8838-80418cc0d053/brians_iconik_blocker.jpg,blocker,train
https://c2bfe19d1ca0edc50ce2-ce1e1891d5288622161b9aa342eed946.ssl.cf5.rackcdn.com/images/9c354e19-f841-47f5-a496-59c7bb4c8f83/ccm_e-flex6_blocker.jpg,blocker,train
https://c2bfe19d1ca0edc50ce2-ce1e1891d5288622161b9aa342eed946.ssl.cf5.rackcdn.com/images/9ef4f794-0a99-438a-b014-6b49e0cd831d/bauer_vapor-fly-lite_blocker.jpg,blocker,train
https://c2bfe19d1ca0edc50ce2-ce1e1891d5288622161b9aa342eed946.ssl.cf5.rackcdn.com/images/9c353aa5-4e81-4669-bdcd-156664b5c2fe/bauer_supreme-mach_blocker.jpg,blocker,train
https://c2bfe19d1ca0edc50ce2-ce1e1891d5288622161b9aa342eed946.ssl.cf5.rackcdn.com/images/9c3562b9-12fc-489a-9df0-3ba009dc7af0/vaughn_velocity-v10-pro_blocker.jpg,blocker,train
https://c2bfe19d1ca0edc50ce2-ce1e1891d5288622161b9aa342eed946.ssl.cf5.rackcdn.com/images/9c3542b4-9210-44bd-996a-708f2e67b529/bauer_vapor-hyper-lite_blocker.jpg,blocker,train
https://c2bfe19d1ca0edc50ce2-ce1e1891d5288622161b9aa342eed946.ssl.cf5.rackcdn.com/images/9bf0e91a-fc13-4659-be2b-559771937038/true_catalyst-p-x3_blocker.jpg,blocker,train
https://c2bfe19d1ca0edc50ce2-ce1e1891d5288622161b9aa342eed946.ssl.cf5.rackcdn.com/images/9c356347-04d2-4e3a-baea-5d72ec245ab0/vaughn_ventus-s-l-r3-pro-carbon_blocker.jpg,blocker,train
https://c2bfe19d1ca0edc50ce2-ce1e1891d5288622161b9aa342eed946.ssl.cf5.rackcdn.com/images/9c356347-04d2-4e3a-baea-5d72ec245ab0/vaughn_ventus-s-l-r3-pro-carbon_blocker.jpg,blocker,train
https://c2bfe19d1ca0edc50ce2-ce1e1891d5288622161b9aa342eed946.ssl.cf5.rackcdn.com/images/9bf0e91a-fc13-4659-be2b-559771937038/true_catalyst-p-x3_blocker.jpg,blocker,train
https://c2bfe19d1ca0edc50ce2-ce1e1891d5288622161b9aa342eed946.ssl.cf5.rackcdn.com/images/9c356347-04d2-4e3a-baea-5d72ec245ab0/vaughn_ventus-s-l-r3-pro-carbon_blocker.jpg,blocker,train
https://c2bfe19d1ca0edc50ce2-ce1e1891d5288622161b9aa342eed946.ssl.cf5.rackcdn.com/images/9c356989-1f5f-4ae1-9b77-c0448ac79f8b/true_l87_blocker.jpg,blocker,train
https://c2bfe19d1ca0edc50ce2-ce1e1891d5288622161b9aa342eed946.ssl.cf5.rackcdn.com/images/9c3542b4-9210-44bd-996a-708f2e67b529/bauer_vapor-hyper-lite_blocker.jpg,blocker,train
https://c2bfe19d1ca0edc50ce2-ce1e1891d5288622161b9aa342eed946.ssl.cf5.rackcdn.com/images/9c356989-1f5f-4ae1-9b77-c0448ac79f8b/true_l87_blocker.jpg,blocker,train
https://c2bfe19d1ca0edc50ce2-ce1e1891d5288622161b9aa342eed946.ssl.cf5.rackcdn.com/images/9d7cb39c-2f11-4166-8fac-e63a36442d7b/brians_optik4_blocker.jpg,blocker,train
https://c2bfe19d1ca0edc50ce2-ce1e1891d5288622161b9aa342eed946.ssl.cf5.rackcdn.com/images/9ea4870d-0aca-4df1-9ce9-995d1f13a3ec/ccm_e-flex7-pro_blocker.jpg,blocker,train
https://c2bfe19d1ca0edc50ce2-ce1e1891d5288622161b9aa342eed946.ssl.cf5.rackcdn.com/images/9c1ade6e-e783-446e-8172-a4dac3532fc9/vaughn_ventus-s-l-r4_blocker.jpg,blocker,train
https://c2bfe19d1ca0edc50ce2-ce1e1891d5288622161b9aa342eed946.ssl.cf5.rackcdn.com/images/9c353aa5-4e81-4669-bdcd-156664b5c2fe/bauer_supreme-mach_blocker.jpg,blocker,train
https://c2bfe19d1ca0edc50ce2-ce1e1891d5288622161b9aa342eed946.ssl.cf5.rackcdn.com/images/999f9961-1239-4fe8-9ce5-fdf8928cf34c/warrior_alpha-fr2-pro_glove.png,gloves,train
https://encrypted-tbn0.gstatic.com/images?q=tbn:ANd9GcSeA9BHqtWYoUcZo1xBRN6BiceCPvSlVDG4TA&s,gloves,train
https://c2bfe19d1ca0edc50ce2-ce1e1891d5288622161b9aa342eed946.ssl.cf5.rackcdn.com/images/9c4718a6-add5-48ee-877b-3e071420f3f8/ccm_tacks-x-f-pro_glove.jpg,gloves,train
https://c2bfe19d1ca0edc50ce2-ce1e1891d5288622161b9aa342eed946.ssl.cf5.rackcdn.com/images/9c1d3411-ba75-4982-9f5d-12fb7e39398f/true_catalyst9-x_glove.jpg,gloves,train
https://c2bfe19d1ca0edc50ce2-ce1e1891d5288622161b9aa342eed946.ssl.cf5.rackcdn.com/images/9c1d2e70-c32d-4f12-8839-919a155a819d/bauer_vapor2-x-pro_glove.jpg,gloves,train
https://c2bfe19d1ca0edc50ce2-ce1e1891d5288622161b9aa342eed946.ssl.cf5.rackcdn.com/images/9c1d30bd-f145-4253-a950-542eaca622dd/ccm_tacks4-r-pro_glove.jpg,gloves,train
https://c2bfe19d1ca0edc50ce2-ce1e1891d5288622161b9aa342eed946.ssl.cf5.rackcdn.com/images/9c355d94-feb6-4c68-904d-ca6c806783a6/warrior_alpha-f-r-pro_glove.jpg,gloves,train
https://c2bfe19d1ca0edc50ce2-ce1e1891d5288622161b9aa342eed946.ssl.cf5.rackcdn.com/images/9c1d2f69-cc13-4a25-b140-7e14fff8649f/ccm_h-g10-k-n_glove.jpg,gloves,train
https://c2bfe19d1ca0edc50ce2-ce1e1891d5288622161b9aa342eed946.ssl.cf5.rackcdn.com/images/9c1d2eca-ec61-46be-812d-e2695199092e/bauer_vapor-hyper-lite_glove.jpg,gloves,train
https://c2bfe19d1ca0edc50ce2-ce1e1891d5288622161b9aa342eed946.ssl.cf5.rackcdn.com/images/9c1d2e38-51ed-4a54-aa3b-6f61df414cc8/bauer_vapor1-x-lite_glove.jpg,gloves,train
https://c2bfe19d1ca0edc50ce2-ce1e1891d5288622161b9aa342eed946.ssl.cf5.rackcdn.com/images/9c1d319b-8ee5-4271-9b50-f7bd4169a510/sherwood_rekker-element-one_glove.jpg,gloves,train
https://c2bfe19d1ca0edc50ce2-ce1e1891d5288622161b9aa342eed946.ssl.cf5.rackcdn.com/images/9c1d2dc9-2bbe-447d-89b2-f82746824db0/bauer_vapor1-x_glove.jpg,gloves,train
https://c2bfe19d1ca0edc50ce2-ce1e1891d5288622161b9aa342eed946.ssl.cf5.rackcdn.com/images/9c1d2d10-6108-48ad-a792-7443e428b026/bauer_supreme1-s_glove.jpg,gloves,train
https://c2bfe19d1ca0edc50ce2-ce1e1891d5288622161b9aa342eed946.ssl.cf5.rackcdn.com/images/9c471778-75ac-4407-b0af-8d2e3facac1d/true_pro-hybrid_glove.jpg,gloves,train
https://c2bfe19d1ca0edc50ce2-ce1e1891d5288622161b9aa342eed946.ssl.cf5.rackcdn.com/images/9c1d34ce-a096-490d-95ce-1fefdd645789/warrior_alpha-l-x2-pro_glove.jpg,gloves,train
https://c2bfe19d1ca0edc50ce2-ce1e1891d5288622161b9aa342eed946.ssl.cf5.rackcdn.com/images/9c1d316d-92ad-4594-9f4c-45f60d8c00de/sherwood_code-t-m-p-pro_glove.jpg,gloves,train
https://c2bfe19d1ca0edc50ce2-ce1e1891d5288622161b9aa342eed946.ssl.cf5.rackcdn.com/images/9c1d3594-8fc2-4ac4-bdaf-c4be3c20be14/warrior_covert-q-r5-pro_glove.jpg,gloves,train
https://c2bfe19d1ca0edc50ce2-ce1e1891d5288622161b9aa342eed946.ssl.cf5.rackcdn.com/images/9c1d3155-225c-45ce-b1a4-2204b6778ec7/sherwood_code-encrypt_glove.jpg,gloves,train
https://c2bfe19d1ca0edc50ce2-ce1e1891d5288622161b9aa342eed946.ssl.cf5.rackcdn.com/images/9ca5a4b7-fb35-47f7-95be-50907431ec8d/ccm_h-g43_glove.png,gloves,train
https://c2bfe19d1ca0edc50ce2-ce1e1891d5288622161b9aa342eed946.ssl.cf5.rackcdn.com/images/9c1d30dc-dfb9-4697-8f2f-d3acf1af12f7/ccm_ultra-tacks_glove.jpg,gloves,train
https://c2bfe19d1ca0edc50ce2-ce1e1891d5288622161b9aa342eed946.ssl.cf5.rackcdn.com/images/9c1d2f2e-18b1-4ab3-bab1-943c635e371d/ccm_c-l-pro_glove.jpg,gloves,train
https://c2bfe19d1ca0edc50ce2-ce1e1891d5288622161b9aa342eed946.ssl.cf5.rackcdn.com/images/9c1d2d64-4d93-4749-859e-2e5229c7adb6/bauer_supreme2-s-pro_glove.jpg,gloves,train
https://c2bfe19d1ca0edc50ce2-ce1e1891d5288622161b9aa342eed946.ssl.cf5.rackcdn.com/images/9c1d2ce9-a18c-46fa-bfcd-76d9c54e9943/bauer_pro-series_glove.jpg,gloves,train
https://c2bfe19d1ca0edc50ce2-ce1e1891d5288622161b9aa342eed946.ssl.cf5.rackcdn.com/images/9c1d2da7-296b-40c3-88be-08b95cf0466b/bauer_supreme-ultrasonic_glove.jpg,gloves,train
https://c2bfe19d1ca0edc50ce2-ce1e1891d5288622161b9aa342eed946.ssl.cf5.rackcdn.com/images/9c1d3471-8bca-4f42-ae29-c4db7b5e9ef6/warrior_alpha-d-x_glove.jpg,gloves,train
https://c2bfe19d1ca0edc50ce2-ce1e1891d5288622161b9aa342eed946.ssl.cf5.rackcdn.com/images/9c1d300a-6e61-4a0d-a9c5-59b6aa748c38/ccm_jetspeed-f-t1_glove.jpg,gloves,train
https://c2bfe19d1ca0edc50ce2-ce1e1891d5288622161b9aa342eed946.ssl.cf5.rackcdn.com/images/9c46e042-6dc9-401d-b846-7a92aae7a416/warrior_covert-q-r6-pro_glove.jpg,gloves,train
https://c2bfe19d1ca0edc50ce2-ce1e1891d5288622161b9aa342eed946.ssl.cf5.rackcdn.com/images/9c1d31b1-ab6c-4a39-ba15-cf4d8ed276ec/sherwood_rekker-legend-pro_glove.jpg,gloves,train
https://c2bfe19d1ca0edc50ce2-ce1e1891d5288622161b9aa342eed946.ssl.cf5.rackcdn.com/images/9c471778-75ac-4407-b0af-8d2e3facac1d/true_pro-hybrid_glove.jpg,gloves,train
https://c2bfe19d1ca0edc50ce2-ce1e1891d5288622161b9aa342eed946.ssl.cf5.rackcdn.com/images/9c4718a6-add5-48ee-877b-3e071420f3f8/ccm_tacks-x-f-pro_glove.jpg,gloves,train
https://c2bfe19d1ca0edc50ce2-ce1e1891d5288622161b9aa342eed946.ssl.cf5.rackcdn.com/images/9c4718a6-add5-48ee-877b-3e071420f3f8/ccm_tacks-x-f-pro_glove.jpg,gloves,train
https://c2bfe19d1ca0edc50ce2-ce1e1891d5288622161b9aa342eed946.ssl.cf5.rackcdn.com/images/9c355d94-feb6-4c68-904d-ca6c806783a6/warrior_alpha-f-r-pro_glove.jpg,gloves,train
https://c2bfe19d1ca0edc50ce2-ce1e1891d5288622161b9aa342eed946.ssl.cf5.rackcdn.com/images/9c1d3155-225c-45ce-b1a4-2204b6778ec7/sherwood_code-encrypt_glove.jpg,gloves,train
https://c2bfe19d1ca0edc50ce2-ce1e1891d5288622161b9aa342eed946.ssl.cf5.rackcdn.com/images/9c1d30dc-dfb9-4697-8f2f-d3acf1af12f7/ccm_ultra-tacks_glove.jpg,gloves,train
https://c2bfe19d1ca0edc50ce2-ce1e1891d5288622161b9aa342eed946.ssl.cf5.rackcdn.com/images/9c1d319b-8ee5-4271-9b50-f7bd4169a510/sherwood_rekker-element-one_glove.jpg,gloves,train
https://c2bfe19d1ca0edc50ce2-ce1e1891d5288622161b9aa342eed946.ssl.cf5.rackcdn.com/images/9c1d31b1-ab6c-4a39-ba15-cf4d8ed276ec/sherwood_rekker-legend-pro_glove.jpg,gloves,train
https://c2bfe19d1ca0edc50ce2-ce1e1891d5288622161b9aa342eed946.ssl.cf5.rackcdn.com/images/9c1d300a-6e61-4a0d-a9c5-59b6aa748c38/ccm_jetspeed-f-t1_glove.jpg,gloves,train
https://c2bfe19d1ca0edc50ce2-ce1e1891d5288622161b9aa342eed946.ssl.cf5.rackcdn.com/images/9c1d2ce9-a18c-46fa-bfcd-76d9c54e9943/bauer_pro-series_glove.jpg,gloves,train
https://encrypted-tbn0.gstatic.com/images?q=tbn:ANd9GcSeA9BHqtWYoUcZo1xBRN6BiceCPvSlVDG4TA&s,gloves,train
https://c2bfe19d1ca0edc50ce2-ce1e1891d5288622161b9aa342eed946.ssl.cf5.rackcdn.com/images/999f9961-1239-4fe8-9ce5-fdf8928cf34c/warrior_alpha-fr2-pro_glove.png,gloves,train
https://c2bfe19d1ca0edc50ce2-ce1e1891d5288622161b9aa342eed946.ssl.cf5.rackcdn.com/images/9c735141-c9eb-4cdf-9fbe-2788bb147629/bauer_re--akt155_helmet.jpg,helmet,train
https://c2bfe19d1ca0edc50ce2-ce1e1891d5288622161b9aa342eed946.ssl.cf5.rackcdn.com/images/97743d0c-7c53-410d-8541-b5c67c87c524/easton_e400_helmet.jpg,helmet,train
https://c2bfe19d1ca0edc50ce2-ce1e1891d5288622161b9aa342eed946.ssl.cf5.rackcdn.com/images/9c353505-db3f-4026-b4de-f91de7adfaa1/bauer_7500_helmet.jpg,helmet,train
https://c2bfe19d1ca0edc50ce2-ce1e1891d5288622161b9aa342eed946.ssl.cf5.rackcdn.com/images/979a2543-5f05-4014-a0a5-7a5d21f18481/bauer_re-akt85_helmet.jpg,helmet,train
https://c2bfe19d1ca0edc50ce2-ce1e1891d5288622161b9aa342eed946.ssl.cf5.rackcdn.com/images/97743c91-1aa5-4f24-acc2-cdbc3c9459a8/ccm_tacks710_helmet.jpg,helmet,train
https://c2bfe19d1ca0edc50ce2-ce1e1891d5288622161b9aa342eed946.ssl.cf5.rackcdn.com/images/97743c07-f342-4e89-8fd8-810763139422/bauer_re-akt100_helmet.jpg,helmet,train
https://c2bfe19d1ca0edc50ce2-ce1e1891d5288622161b9aa342eed946.ssl.cf5.rackcdn.com/images/97743c0f-b14b-4851-ac3d-1a091af2c5ca/ccm_fitlite80_helmet.jpg,helmet,train
https://c2bfe19d1ca0edc50ce2-ce1e1891d5288622161b9aa342eed946.ssl.cf5.rackcdn.com/images/97743c78-0755-40db-9052-bc5f97c54527/bauer_re-akt95_helmet.jpg,helmet,train
https://c2bfe19d1ca0edc50ce2-ce1e1891d5288622161b9aa342eed946.ssl.cf5.rackcdn.com/images/97743bfc-5d19-4fdc-a1b5-4ef6cdec756f/ccm_vector-v08_helmet.jpg,helmet,train
https://c2bfe19d1ca0edc50ce2-ce1e1891d5288622161b9aa342eed946.ssl.cf5.rackcdn.com/images/97743c38-627c-41a3-a31c-13523e370413/warrior_alpha-one_helmet.jpg,helmet,train
https://c2bfe19d1ca0edc50ce2-ce1e1891d5288622161b9aa342eed946.ssl.cf5.rackcdn.com/images/9b380494-f68b-4194-929d-fcf3e9b7af13/ccm_tacks720_helmet.jpg,helmet,train
https://c2bfe19d1ca0edc50ce2-ce1e1891d5288622161b9aa342eed946.ssl.cf5.rackcdn.com/images/9976a7d8-262e-4d6f-8a10-8cd3be8922c5/ccm_super-tacks-x_helmet.jpg,helmet,train
https://encrypted-tbn0.gstatic.com/images?q=tbn:ANd9GcSVXba9t5Y-TFQ5mwTT1cQHFFfZXLH5u9Om7w&s,helmet,train
https://c2bfe19d1ca0edc50ce2-ce1e1891d5288622161b9aa342eed946.ssl.cf5.rackcdn.com/images/9c352f50-19c2-45ae-bab0-ad892dde42f7/bauer_(-my-bauer)-re--akt_helmet.jpg,helmet,train
https://c2bfe19d1ca0edc50ce2-ce1e1891d5288622161b9aa342eed946.ssl.cf5.rackcdn.com/images/97743c45-791d-4884-b740-c5aea79ae287/ccm_tacks910_helmet.jpg,helmet,train
https://c2bfe19d1ca0edc50ce2-ce1e1891d5288622161b9aa342eed946.ssl.cf5.rackcdn.com/images/9b600d80-d870-4e04-a261-c56835c02313/bauer_re--akt65_helmet.jpg,helmet,train
https://c2bfe19d1ca0edc50ce2-ce1e1891d5288622161b9aa342eed946.ssl.cf5.rackcdn.com/images/9c735141-c9eb-4cdf-9fbe-2788bb147629/bauer_re--akt155_helmet.jpg,helmet,train
https://c2bfe19d1ca0edc50ce2-ce1e1891d5288622161b9aa342eed946.ssl.cf5.rackcdn.com/images/97743d0c-7c53-410d-8541-b5c67c87c524/easton_e400_helmet.jpg,helmet,train
https://c2bfe19d1ca0edc50ce2-ce1e1891d5288622161b9aa342eed946.ssl.cf5.rackcdn.com/images/9c353505-db3f-4026-b4de-f91de7adfaa1/bauer_7500_helmet.jpg,helmet,train
https://c2bfe19d1ca0edc50ce2-ce1e1891d5288622161b9aa342eed946.ssl.cf5.rackcdn.com/images/979a2543-5f05-4014-a0a5-7a5d21f18481/bauer_re-akt85_helmet.jpg,helmet,train
https://c2bfe19d1ca0edc50ce2-ce1e1891d5288622161b9aa342eed946.ssl.cf5.rackcdn.com/images/97743c91-1aa5-4f24-acc2-cdbc3c9459a8/ccm_tacks710_helmet.jpg,helmet,train
https://c2bfe19d1ca0edc50ce2-ce1e1891d5288622161b9aa342eed946.ssl.cf5.rackcdn.com/images/97743c07-f342-4e89-8fd8-810763139422/bauer_re-akt100_helmet.jpg,helmet,train
https://c2bfe19d1ca0edc50ce2-ce1e1891d5288622161b9aa342eed946.ssl.cf5.rackcdn.com/images/97743c0f-b14b-4851-ac3d-1a091af2c5ca/ccm_fitlite80_helmet.jpg,helmet,train
https://c2bfe19d1ca0edc50ce2-ce1e1891d5288622161b9aa342eed946.ssl.cf5.rackcdn.com/images/97743c78-0755-40db-9052-bc5f97c54527/bauer_re-akt95_helmet.jpg,helmet,train
https://c2bfe19d1ca0edc50ce2-ce1e1891d5288622161b9aa342eed946.ssl.cf5.rackcdn.com/images/97743bfc-5d19-4fdc-a1b5-4ef6cdec756f/ccm_vector-v08_helmet.jpg,helmet,train
https://c2bfe19d1ca0edc50ce2-ce1e1891d5288622161b9aa342eed946.ssl.cf5.rackcdn.com/images/97743c38-627c-41a3-a31c-13523e370413/warrior_alpha-one_helmet.jpg,helmet,train
https://c2bfe19d1ca0edc50ce2-ce1e1891d5288622161b9aa342eed946.ssl.cf5.rackcdn.com/images/9b380494-f68b-4194-929d-fcf3e9b7af13/ccm_tacks720_helmet.jpg,helmet,train
https://c2bfe19d1ca0edc50ce2-ce1e1891d5288622161b9aa342eed946.ssl.cf5.rackcdn.com/images/9976a7d8-262e-4d6f-8a10-8cd3be8922c5/ccm_super-tacks-x_helmet.jpg,helmet,train
https://encrypted-tbn0.gstatic.com/images?q=tbn:ANd9GcSVXba9t5Y-TFQ5mwTT1cQHFFfZXLH5u9Om7w&s,helmet,train
https://c2bfe19d1ca0edc50ce2-ce1e1891d5288622161b9aa342eed946.ssl.cf5.rackcdn.com/images/9c352f50-19c2-45ae-bab0-ad892dde42f7/bauer_(-my-bauer)-re--akt_helmet.jpg,helmet,train
https://c2bfe19d1ca0edc50ce2-ce1e1891d5288622161b9aa342eed946.ssl.cf5.rackcdn.com/images/97743c45-791d-4884-b740-c5aea79ae287/ccm_tacks910_helmet.jpg,helmet,train
https://c2bfe19d1ca0edc50ce2-ce1e1891d5288622161b9aa342eed946.ssl.cf5.rackcdn.com/images/9b600d80-d870-4e04-a261-c56835c02313/bauer_re--akt65_helmet.jpg,helmet,train
https://c2bfe19d1ca0edc50ce2-ce1e1891d5288622161b9aa342eed946.ssl.cf5.rackcdn.com/images/97743c45-791d-4884-b740-c5aea79ae287/ccm_tacks910_helmet.jpg,helmet,train
https://c2bfe19d1ca0edc50ce2-ce1e1891d5288622161b9aa342eed946.ssl.cf5.rackcdn.com/images/9c352f50-19c2-45ae-bab0-ad892dde42f7/bauer_(-my-bauer)-re--akt_helmet.jpg,helmet,train
https://c2bfe19d1ca0edc50ce2-ce1e1891d5288622161b9aa342eed946.ssl.cf5.rackcdn.com/images/97743c45-791d-4884-b740-c5aea79ae287/ccm_tacks910_helmet.jpg,helmet,train
https://c2bfe19d1ca0edc50ce2-ce1e1891d5288622161b9aa342eed946.ssl.cf5.rackcdn.com/images/9c353505-db3f-4026-b4de-f91de7adfaa1/bauer_7500_helmet.jpg,helmet,train
https://encrypted-tbn0.gstatic.com/images?q=tbn:ANd9GcSVXba9t5Y-TFQ5mwTT1cQHFFfZXLH5u9Om7w&s,helmet,train
https://c2bfe19d1ca0edc50ce2-ce1e1891d5288622161b9aa342eed946.ssl.cf5.rackcdn.com/images/9c353505-db3f-4026-b4de-f91de7adfaa1/bauer_7500_helmet.jpg,helmet,train
https://c2bfe19d1ca0edc50ce2-ce1e1891d5288622161b9aa342eed946.ssl.cf5.rackcdn.com/images/97743c0f-b14b-4851-ac3d-1a091af2c5ca/ccm_fitlite80_helmet.jpg,helmet,train
https://c2bfe19d1ca0edc50ce2-ce1e1891d5288622161b9aa342eed946.ssl.cf5.rackcdn.com/images/97743d0c-7c53-410d-8541-b5c67c87c524/easton_e400_helmet.jpg,helmet,train
https://c2bfe19d1ca0edc50ce2-ce1e1891d5288622161b9aa342eed946.ssl.cf5.rackcdn.com/images/9c3535a7-f5f5-4288-a709-bb93ab742129/bauer_960_mask.jpg,mask,train
https://c2bfe19d1ca0edc50ce2-ce1e1891d5288622161b9aa342eed946.ssl.cf5.rackcdn.com/images/9c35369c-afe9-4971-bb18-92cab2954455/bauer_n-m-e-one_mask.jpg,mask,train
https://c2bfe19d1ca0edc50ce2-ce1e1891d5288622161b9aa342eed946.ssl.cf5.rackcdn.com/images/9c354bde-8f85-44f6-a29a-17c8615bad98/ccm_axis-pro_mask.jpg,mask,train
https://c2bfe19d1ca0edc50ce2-ce1e1891d5288622161b9aa342eed946.ssl.cf5.rackcdn.com/images/9a66f947-18b2-45b4-a140-2308706a732e/ccm_axis-xf_mask.png,mask,train
https://c2bfe19d1ca0edc50ce2-ce1e1891d5288622161b9aa342eed946.ssl.cf5.rackcdn.com/images/9c3535a7-f5f5-4288-a709-bb93ab742129/bauer_960_mask.jpg,mask,train
https://c2bfe19d1ca0edc50ce2-ce1e1891d5288622161b9aa342eed946.ssl.cf5.rackcdn.com/images/9c35369c-afe9-4971-bb18-92cab2954455/bauer_n-m-e-one_mask.jpg,mask,train
https://c2bfe19d1ca0edc50ce2-ce1e1891d5288622161b9aa342eed946.ssl.cf5.rackcdn.com/images/9c354bde-8f85-44f6-a29a-17c8615bad98/ccm_axis-pro_mask.jpg,mask,train
https://c2bfe19d1ca0edc50ce2-ce1e1891d5288622161b9aa342eed946.ssl.cf5.rackcdn.com/images/9a66f947-18b2-45b4-a140-2308706a732e/ccm_axis-xf_mask.png,mask,train
https://c2bfe19d1ca0edc50ce2-ce1e1891d5288622161b9aa342eed946.ssl.cf5.rackcdn.com/images/9c3535a7-f5f5-4288-a709-bb93ab742129/bauer_960_mask.jpg,mask,train
https://c2bfe19d1ca0edc50ce2-ce1e1891d5288622161b9aa342eed946.ssl.cf5.rackcdn.com/images/9c35369c-afe9-4971-bb18-92cab2954455/bauer_n-m-e-one_mask.jpg,mask,train
https://c2bfe19d1ca0edc50ce2-ce1e1891d5288622161b9aa342eed946.ssl.cf5.rackcdn.com/images/9c354bde-8f85-44f6-a29a-17c8615bad98/ccm_axis-pro_mask.jpg,mask,train
https://c2bfe19d1ca0edc50ce2-ce1e1891d5288622161b9aa342eed946.ssl.cf5.rackcdn.com/images/9a66f947-18b2-45b4-a140-2308706a732e/ccm_axis-xf_mask.png,mask,train
https://c2bfe19d1ca0edc50ce2-ce1e1891d5288622161b9aa342eed946.ssl.cf5.rackcdn.com/images/9c3535a7-f5f5-4288-a709-bb93ab742129/bauer_960_mask.jpg,mask,train
https://c2bfe19d1ca0edc50ce2-ce1e1891d5288622161b9aa342eed946.ssl.cf5.rackcdn.com/images/9c35369c-afe9-4971-bb18-92cab2954455/bauer_n-m-e-one_mask.jpg,mask,train
https://c2bfe19d1ca0edc50ce2-ce1e1891d5288622161b9aa342eed946.ssl.cf5.rackcdn.com/images/9c354bde-8f85-44f6-a29a-17c8615bad98/ccm_axis-pro_mask.jpg,mask,train
https://c2bfe19d1ca0edc50ce2-ce1e1891d5288622161b9aa342eed946.ssl.cf5.rackcdn.com/images/9a66f947-18b2-45b4-a140-2308706a732e/ccm_axis-xf_mask.png,mask,train
https://c2bfe19d1ca0edc50ce2-ce1e1891d5288622161b9aa342eed946.ssl.cf5.rackcdn.com/images/9c3535a7-f5f5-4288-a709-bb93ab742129/bauer_960_mask.jpg,mask,train
https://c2bfe19d1ca0edc50ce2-ce1e1891d5288622161b9aa342eed946.ssl.cf5.rackcdn.com/images/9c35369c-afe9-4971-bb18-92cab2954455/bauer_n-m-e-one_mask.jpg,mask,train
https://c2bfe19d1ca0edc50ce2-ce1e1891d5288622161b9aa342eed946.ssl.cf5.rackcdn.com/images/9c354bde-8f85-44f6-a29a-17c8615bad98/ccm_axis-pro_mask.jpg,mask,train
https://c2bfe19d1ca0edc50ce2-ce1e1891d5288622161b9aa342eed946.ssl.cf5.rackcdn.com/images/9a66f947-18b2-45b4-a140-2308706a732e/ccm_axis-xf_mask.png,mask,train
https://c2bfe19d1ca0edc50ce2-ce1e1891d5288622161b9aa342eed946.ssl.cf5.rackcdn.com/images/9c3535a7-f5f5-4288-a709-bb93ab742129/bauer_960_mask.jpg,mask,train
https://c2bfe19d1ca0edc50ce2-ce1e1891d5288622161b9aa342eed946.ssl.cf5.rackcdn.com/images/9c35369c-afe9-4971-bb18-92cab2954455/bauer_n-m-e-one_mask.jpg,mask,train
https://c2bfe19d1ca0edc50ce2-ce1e1891d5288622161b9aa342eed946.ssl.cf5.rackcdn.com/images/9c354bde-8f85-44f6-a29a-17c8615bad98/ccm_axis-pro_mask.jpg,mask,train
https://c2bfe19d1ca0edc50ce2-ce1e1891d5288622161b9aa342eed946.ssl.cf5.rackcdn.com/images/9a66f947-18b2-45b4-a140-2308706a732e/ccm_axis-xf_mask.png,mask,train
https://c2bfe19d1ca0edc50ce2-ce1e1891d5288622161b9aa342eed946.ssl.cf5.rackcdn.com/images/9c3535a7-f5f5-4288-a709-bb93ab742129/bauer_960_mask.jpg,mask,train
https://c2bfe19d1ca0edc50ce2-ce1e1891d5288622161b9aa342eed946.ssl.cf5.rackcdn.com/images/9c35369c-afe9-4971-bb18-92cab2954455/bauer_n-m-e-one_mask.jpg,mask,train
https://c2bfe19d1ca0edc50ce2-ce1e1891d5288622161b9aa342eed946.ssl.cf5.rackcdn.com/images/9c354bde-8f85-44f6-a29a-17c8615bad98/ccm_axis-pro_mask.jpg,mask,train
https://c2bfe19d1ca0edc50ce2-ce1e1891d5288622161b9aa342eed946.ssl.cf5.rackcdn.com/images/9a66f947-18b2-45b4-a140-2308706a732e/ccm_axis-xf_mask.png,mask,train
https://c2bfe19d1ca0edc50ce2-ce1e1891d5288622161b9aa342eed946.ssl.cf5.rackcdn.com/images/9c3535a7-f5f5-4288-a709-bb93ab742129/bauer_960_mask.jpg,mask,train
https://c2bfe19d1ca0edc50ce2-ce1e1891d5288622161b9aa342eed946.ssl.cf5.rackcdn.com/images/9c35369c-afe9-4971-bb18-92cab2954455/bauer_n-m-e-one_mask.jpg,mask,train
https://c2bfe19d1ca0edc50ce2-ce1e1891d5288622161b9aa342eed946.ssl.cf5.rackcdn.com/images/9c354bde-8f85-44f6-a29a-17c8615bad98/ccm_axis-pro_mask.jpg,mask,train
https://c2bfe19d1ca0edc50ce2-ce1e1891d5288622161b9aa342eed946.ssl.cf5.rackcdn.com/images/9a66f947-18b2-45b4-a140-2308706a732e/ccm_axis-xf_mask.png,mask,train
https://c2bfe19d1ca0edc50ce2-ce1e1891d5288622161b9aa342eed946.ssl.cf5.rackcdn.com/images/9c3535a7-f5f5-4288-a709-bb93ab742129/bauer_960_mask.jpg,mask,train
https://c2bfe19d1ca0edc50ce2-ce1e1891d5288622161b9aa342eed946.ssl.cf5.rackcdn.com/images/9c35369c-afe9-4971-bb18-92cab2954455/bauer_n-m-e-one_mask.jpg,mask,train
https://c2bfe19d1ca0edc50ce2-ce1e1891d5288622161b9aa342eed946.ssl.cf5.rackcdn.com/images/9c354bde-8f85-44f6-a29a-17c8615bad98/ccm_axis-pro_mask.jpg,mask,train
https://c2bfe19d1ca0edc50ce2-ce1e1891d5288622161b9aa342eed946.ssl.cf5.rackcdn.com/images/9a66f947-18b2-45b4-a140-2308706a732e/ccm_axis-xf_mask.png,mask,train
https://c2bfe19d1ca0edc50ce2-ce1e1891d5288622161b9aa342eed946.ssl.cf5.rackcdn.com/images/9c3535a7-f5f5-4288-a709-bb93ab742129/bauer_960_mask.jpg,mask,train
https://c2bfe19d1ca0edc50ce2-ce1e1891d5288622161b9aa342eed946.ssl.cf5.rackcdn.com/images/9c35369c-afe9-4971-bb18-92cab2954455/bauer_n-m-e-one_mask.jpg,mask,train
https://c2bfe19d1ca0edc50ce2-ce1e1891d5288622161b9aa342eed946.ssl.cf5.rackcdn.com/images/9c354bde-8f85-44f6-a29a-17c8615bad98/ccm_axis-pro_mask.jpg,mask,train
https://c2bfe19d1ca0edc50ce2-ce1e1891d5288622161b9aa342eed946.ssl.cf5.rackcdn.com/images/9a66f947-18b2-45b4-a140-2308706a732e/ccm_axis-xf_mask.png,mask,train
https://c2bfe19d1ca0edc50ce2-ce1e1891d5288622161b9aa342eed946.ssl.cf5.rackcdn.com/images/9ef4f5e6-0b6a-4dfa-ab38-d3da1abc84c0/bauer_s-v--pro_goalie-glove.jpg,mitt,train
https://c2bfe19d1ca0edc50ce2-ce1e1891d5288622161b9aa342eed946.ssl.cf5.rackcdn.com/images/9c3562d9-7876-4ba5-a25d-019bc09aa84a/vaughn_velocity-v10-pro_goalie-glove.jpg,mitt,train
https://c2bfe19d1ca0edc50ce2-ce1e1891d5288622161b9aa342eed946.ssl.cf5.rackcdn.com/images/9c354501-535e-4cd3-a0d1-24dfd0e2fe4f/bauer_vapor-hyper-lite2_goalie-glove.jpg,mitt,train
https://c2bfe19d1ca0edc50ce2-ce1e1891d5288622161b9aa342eed946.ssl.cf5.rackcdn.com/images/9c35696b-7ff1-4255-88fa-01d3401b31f1/true_l87_goalie-glove.jpg,mitt,train
https://c2bfe19d1ca0edc50ce2-ce1e1891d5288622161b9aa342eed946.ssl.cf5.rackcdn.com/images/9c356364-dd28-4e97-ad6b-ae1e9e71d610/vaughn_ventus-s-l-r3-pro-carbon_goalie-glove.jpg,mitt,train
https://c2bfe19d1ca0edc50ce2-ce1e1891d5288622161b9aa342eed946.ssl.cf5.rackcdn.com/images/9e96745f-5ddc-446c-8051-be62a4dc0221/true_l95_goalie-glove.jpg,mitt,train
https://c2bfe19d1ca0edc50ce2-ce1e1891d5288622161b9aa342eed946.ssl.cf5.rackcdn.com/images/9c3542cf-6bdc-4379-a9e0-abe6bc80ffdf/bauer_vapor-hyper-lite_goalie-glove.jpg,mitt,train
https://c2bfe19d1ca0edc50ce2-ce1e1891d5288622161b9aa342eed946.ssl.cf5.rackcdn.com/images/9ef4f7a9-c20d-4807-b56a-2aff91054af7/bauer_vapor-fly-lite_goalie-glove.jpg,mitt,train
https://c2bfe19d1ca0edc50ce2-ce1e1891d5288622161b9aa342eed946.ssl.cf5.rackcdn.com/images/9c353b20-6ff3-42ac-8f3a-27b150c5d5e1/bauer_supreme-mach_goalie-glove.jpg,mitt,train
https://c2bfe19d1ca0edc50ce2-ce1e1891d5288622161b9aa342eed946.ssl.cf5.rackcdn.com/images/9c354e41-36d1-4392-888b-f5acee778a58/ccm_e-flex6_goalie-glove.jpg,mitt,train
https://c2bfe19d1ca0edc50ce2-ce1e1891d5288622161b9aa342eed946.ssl.cf5.rackcdn.com/images/9bf0e950-4a6b-404b-ae69-2417f08de668/true_catalyst-p-x3_goalie-glove.jpg,mitt,train
https://c2bfe19d1ca0edc50ce2-ce1e1891d5288622161b9aa342eed946.ssl.cf5.rackcdn.com/images/9c1b2340-1c94-4b97-a477-20d22dc4429c/bauer_supreme-shadow_goalie-glove.jpg,mitt,train
https://c2bfe19d1ca0edc50ce2-ce1e1891d5288622161b9aa342eed946.ssl.cf5.rackcdn.com/images/9d7caf10-bd14-4212-ab51-23b679e7e120/brians_eclipse-iconik_goalie-glove.jpg,mitt,train
https://c2bfe19d1ca0edc50ce2-ce1e1891d5288622161b9aa342eed946.ssl.cf5.rackcdn.com/images/9c1adea4-60d6-413d-9c71-edad29030e75/vaughn_ventus-s-l-r4_goalie-glove.jpg,mitt,train
https://c2bfe19d1ca0edc50ce2-ce1e1891d5288622161b9aa342eed946.ssl.cf5.rackcdn.com/images/9db75f41-89c3-4459-b2da-466d0f63a2e7/vaughn_pro-v-elite_goalie-glove.jpg,mitt,train
https://c2bfe19d1ca0edc50ce2-ce1e1891d5288622161b9aa342eed946.ssl.cf5.rackcdn.com/images/9c1b226a-8b8e-4a52-b727-039cdccf419d/ccm_axis-x-f-pro_goalie-glove.jpg,mitt,train
https://c2bfe19d1ca0edc50ce2-ce1e1891d5288622161b9aa342eed946.ssl.cf5.rackcdn.com/images/9ef4f5e6-0b6a-4dfa-ab38-d3da1abc84c0/bauer_s-v--pro_goalie-glove.jpg,mitt,train
https://c2bfe19d1ca0edc50ce2-ce1e1891d5288622161b9aa342eed946.ssl.cf5.rackcdn.com/images/9c3562d9-7876-4ba5-a25d-019bc09aa84a/vaughn_velocity-v10-pro_goalie-glove.jpg,mitt,train
https://c2bfe19d1ca0edc50ce2-ce1e1891d5288622161b9aa342eed946.ssl.cf5.rackcdn.com/images/9c354501-535e-4cd3-a0d1-24dfd0e2fe4f/bauer_vapor-hyper-lite2_goalie-glove.jpg,mitt,train
https://c2bfe19d1ca0edc50ce2-ce1e1891d5288622161b9aa342eed946.ssl.cf5.rackcdn.com/images/9c35696b-7ff1-4255-88fa-01d3401b31f1/true_l87_goalie-glove.jpg,mitt,train
https://c2bfe19d1ca0edc50ce2-ce1e1891d5288622161b9aa342eed946.ssl.cf5.rackcdn.com/images/9c356364-dd28-4e97-ad6b-ae1e9e71d610/vaughn_ventus-s-l-r3-pro-carbon_goalie-glove.jpg,mitt,train
https://c2bfe19d1ca0edc50ce2-ce1e1891d5288622161b9aa342eed946.ssl.cf5.rackcdn.com/images/9e96745f-5ddc-446c-8051-be62a4dc0221/true_l95_goalie-glove.jpg,mitt,train
https://c2bfe19d1ca0edc50ce2-ce1e1891d5288622161b9aa342eed946.ssl.cf5.rackcdn.com/images/9c3542cf-6bdc-4379-a9e0-abe6bc80ffdf/bauer_vapor-hyper-lite_goalie-glove.jpg,mitt,train
https://c2bfe19d1ca0edc50ce2-ce1e1891d5288622161b9aa342eed946.ssl.cf5.rackcdn.com/images/9ef4f7a9-c20d-4807-b56a-2aff91054af7/bauer_vapor-fly-lite_goalie-glove.jpg,mitt,train
https://c2bfe19d1ca0edc50ce2-ce1e1891d5288622161b9aa342eed946.ssl.cf5.rackcdn.com/images/9c353b20-6ff3-42ac-8f3a-27b150c5d5e1/bauer_supreme-mach_goalie-glove.jpg,mitt,train
https://c2bfe19d1ca0edc50ce2-ce1e1891d5288622161b9aa342eed946.ssl.cf5.rackcdn.com/images/9c354e41-36d1-4392-888b-f5acee778a58/ccm_e-flex6_goalie-glove.jpg,mitt,train
https://c2bfe19d1ca0edc50ce2-ce1e1891d5288622161b9aa342eed946.ssl.cf5.rackcdn.com/images/9bf0e950-4a6b-404b-ae69-2417f08de668/true_catalyst-p-x3_goalie-glove.jpg,mitt,train
https://c2bfe19d1ca0edc50ce2-ce1e1891d5288622161b9aa342eed946.ssl.cf5.rackcdn.com/images/9c1b2340-1c94-4b97-a477-20d22dc4429c/bauer_supreme-shadow_goalie-glove.jpg,mitt,train
https://c2bfe19d1ca0edc50ce2-ce1e1891d5288622161b9aa342eed946.ssl.cf5.rackcdn.com/images/9d7caf10-bd14-4212-ab51-23b679e7e120/brians_eclipse-iconik_goalie-glove.jpg,mitt,train
https://c2bfe19d1ca0edc50ce2-ce1e1891d5288622161b9aa342eed946.ssl.cf5.rackcdn.com/images/9c1adea4-60d6-413d-9c71-edad29030e75/vaughn_ventus-s-l-r4_goalie-glove.jpg,mitt,train
https://c2bfe19d1ca0edc50ce2-ce1e1891d5288622161b9aa342eed946.ssl.cf5.rackcdn.com/images/9db75f41-89c3-4459-b2da-466d0f63a2e7/vaughn_pro-v-elite_goalie-glove.jpg,mitt,train
https://c2bfe19d1ca0edc50ce2-ce1e1891d5288622161b9aa342eed946.ssl.cf5.rackcdn.com/images/9c1b226a-8b8e-4a52-b727-039cdccf419d/ccm_axis-x-f-pro_goalie-glove.jpg,mitt,train
https://c2bfe19d1ca0edc50ce2-ce1e1891d5288622161b9aa342eed946.ssl.cf5.rackcdn.com/images/9db75f41-89c3-4459-b2da-466d0f63a2e7/vaughn_pro-v-elite_goalie-glove.jpg,mitt,train
https://c2bfe19d1ca0edc50ce2-ce1e1891d5288622161b9aa342eed946.ssl.cf5.rackcdn.com/images/9c1adea4-60d6-413d-9c71-edad29030e75/vaughn_ventus-s-l-r4_goalie-glove.jpg,mitt,train
https://c2bfe19d1ca0edc50ce2-ce1e1891d5288622161b9aa342eed946.ssl.cf5.rackcdn.com/images/9db75f41-89c3-4459-b2da-466d0f63a2e7/vaughn_pro-v-elite_goalie-glove.jpg,mitt,train
https://c2bfe19d1ca0edc50ce2-ce1e1891d5288622161b9aa342eed946.ssl.cf5.rackcdn.com/images/9c354501-535e-4cd3-a0d1-24dfd0e2fe4f/bauer_vapor-hyper-lite2_goalie-glove.jpg,mitt,train
https://c2bfe19d1ca0edc50ce2-ce1e1891d5288622161b9aa342eed946.ssl.cf5.rackcdn.com/images/9d7caf10-bd14-4212-ab51-23b679e7e120/brians_eclipse-iconik_goalie-glove.jpg,mitt,train
https://c2bfe19d1ca0edc50ce2-ce1e1891d5288622161b9aa342eed946.ssl.cf5.rackcdn.com/images/9c354501-535e-4cd3-a0d1-24dfd0e2fe4f/bauer_vapor-hyper-lite2_goalie-glove.jpg,mitt,train
https://c2bfe19d1ca0edc50ce2-ce1e1891d5288622161b9aa342eed946.ssl.cf5.rackcdn.com/images/9c3542cf-6bdc-4379-a9e0-abe6bc80ffdf/bauer_vapor-hyper-lite_goalie-glove.jpg,mitt,train
https://c2bfe19d1ca0edc50ce2-ce1e1891d5288622161b9aa342eed946.ssl.cf5.rackcdn.com/images/9c3562d9-7876-4ba5-a25d-019bc09aa84a/vaughn_velocity-v10-pro_goalie-glove.jpg,mitt,train
https://c2bfe19d1ca0edc50ce2-ce1e1891d5288622161b9aa342eed946.ssl.cf5.rackcdn.com/images/9c354ec9-eaf7-4847-94aa-4cf3c27476bb/ccm_e-flex6_pads.jpg,pads,train
https://c2bfe19d1ca0edc50ce2-ce1e1891d5288622161b9aa342eed946.ssl.cf5.rackcdn.com/images/9ef4f7c1-2c42-4aef-995e-df27725331df/bauer_vapor-fly-lite_pads.jpg,pads,train
https://c2bfe19d1ca0edc50ce2-ce1e1891d5288622161b9aa342eed946.ssl.cf5.rackcdn.com/images/9c356382-9a33-4c9a-8b7e-d1a3990be181/vaughn_ventus-s-l-r3-pro-carbon_pads.jpg,pads,train
https://c2bfe19d1ca0edc50ce2-ce1e1891d5288622161b9aa342eed946.ssl.cf5.rackcdn.com/images/9c356300-90f4-4a54-9560-6cd1270d8e11/vaughn_velocity-v10-pro_pads.jpg,pads,train
https://c2bfe19d1ca0edc50ce2-ce1e1891d5288622161b9aa342eed946.ssl.cf5.rackcdn.com/images/9e967446-854b-412e-9cc1-e94a0405fedd/true_l95_pads.jpg,pads,train
https://c2bfe19d1ca0edc50ce2-ce1e1891d5288622161b9aa342eed946.ssl.cf5.rackcdn.com/images/9bf0ea80-a080-4107-adc6-8f397f9b9a32/true_h-z-r-d-u-s_pads.jpg,pads,train
https://c2bfe19d1ca0edc50ce2-ce1e1891d5288622161b9aa342eed946.ssl.cf5.rackcdn.com/images/9c354529-632c-4641-8bf5-e53cde0706c5/bauer_vapor-hyper-lite2_pads.jpg,pads,train
https://c2bfe19d1ca0edc50ce2-ce1e1891d5288622161b9aa342eed946.ssl.cf5.rackcdn.com/images/9d7cb3c4-2c78-4a37-8036-68d5f76a787b/brians_optik4_pads.jpg,pads,train
https://c2bfe19d1ca0edc50ce2-ce1e1891d5288622161b9aa342eed946.ssl.cf5.rackcdn.com/images/9b38039f-3971-40f4-9718-4bd47072d9f7/brians_iconik_pads.jpg,pads,train
https://c2bfe19d1ca0edc50ce2-ce1e1891d5288622161b9aa342eed946.ssl.cf5.rackcdn.com/images/9c353d0c-069e-4289-875d-003ff8584ebe/bauer_supreme-mach_pads.jpg,pads,train
https://c2bfe19d1ca0edc50ce2-ce1e1891d5288622161b9aa342eed946.ssl.cf5.rackcdn.com/images/9ea48640-cf4c-456d-906e-95739ee2ad7a/ccm_e-flex7-pro_pads.jpg,pads,train
https://c2bfe19d1ca0edc50ce2-ce1e1891d5288622161b9aa342eed946.ssl.cf5.rackcdn.com/images/9c35694d-0920-4aa6-bb58-96672b4ab28e/true_l87_pads.jpg,pads,train
https://c2bfe19d1ca0edc50ce2-ce1e1891d5288622161b9aa342eed946.ssl.cf5.rackcdn.com/images/9d426f71-2fa9-43fd-b54e-e62f18db2529/true_catalyst-p-x5_pads.jpg,pads,train
https://c2bfe19d1ca0edc50ce2-ce1e1891d5288622161b9aa342eed946.ssl.cf5.rackcdn.com/images/9c1ad8d9-13c3-46b8-9957-a3860e5dc396/vaughn_ventus-s-l-r4_pads.jpg,pads,train
https://c2bfe19d1ca0edc50ce2-ce1e1891d5288622161b9aa342eed946.ssl.cf5.rackcdn.com/images/9c354ec9-eaf7-4847-94aa-4cf3c27476bb/ccm_e-flex6_pads.jpg,pads,train
https://c2bfe19d1ca0edc50ce2-ce1e1891d5288622161b9aa342eed946.ssl.cf5.rackcdn.com/images/9ef4f7c1-2c42-4aef-995e-df27725331df/bauer_vapor-fly-lite_pads.jpg,pads,train
https://c2bfe19d1ca0edc50ce2-ce1e1891d5288622161b9aa342eed946.ssl.cf5.rackcdn.com/images/9c356382-9a33-4c9a-8b7e-d1a3990be181/vaughn_ventus-s-l-r3-pro-carbon_pads.jpg,pads,train
https://c2bfe19d1ca0edc50ce2-ce1e1891d5288622161b9aa342eed946.ssl.cf5.rackcdn.com/images/9c356300-90f4-4a54-9560-6cd1270d8e11/vaughn_velocity-v10-pro_pads.jpg,pads,train
https://c2bfe19d1ca0edc50ce2-ce1e1891d5288622161b9aa342eed946.ssl.cf5.rackcdn.com/images/9e967446-854b-412e-9cc1-e94a0405fedd/true_l95_pads.jpg,pads,train
https://c2bfe19d1ca0edc50ce2-ce1e1891d5288622161b9aa342eed946.ssl.cf5.rackcdn.com/images/9bf0ea80-a080-4107-adc6-8f397f9b9a32/true_h-z-r-d-u-s_pads.jpg,pads,train
https://c2bfe19d1ca0edc50ce2-ce1e1891d5288622161b9aa342eed946.ssl.cf5.rackcdn.com/images/9c354529-632c-4641-8bf5-e53cde0706c5/bauer_vapor-hyper-lite2_pads.jpg,pads,train
https://c2bfe19d1ca0edc50ce2-ce1e1891d5288622161b9aa342eed946.ssl.cf5.rackcdn.com/images/9d7cb3c4-2c78-4a37-8036-68d5f76a787b/brians_optik4_pads.jpg,pads,train
https://c2bfe19d1ca0edc50ce2-ce1e1891d5288622161b9aa342eed946.ssl.cf5.rackcdn.com/images/9b38039f-3971-40f4-9718-4bd47072d9f7/brians_iconik_pads.jpg,pads,train
https://c2bfe19d1ca0edc50ce2-ce1e1891d5288622161b9aa342eed946.ssl.cf5.rackcdn.com/images/9c353d0c-069e-4289-875d-003ff8584ebe/bauer_supreme-mach_pads.jpg,pads,train
https://c2bfe19d1ca0edc50ce2-ce1e1891d5288622161b9aa342eed946.ssl.cf5.rackcdn.com/images/9ea48640-cf4c-456d-906e-95739ee2ad7a/ccm_e-flex7-pro_pads.jpg,pads,train
https://c2bfe19d1ca0edc50ce2-ce1e1891d5288622161b9aa342eed946.ssl.cf5.rackcdn.com/images/9c35694d-0920-4aa6-bb58-96672b4ab28e/true_l87_pads.jpg,pads,train
https://c2bfe19d1ca0edc50ce2-ce1e1891d5288622161b9aa342eed946.ssl.cf5.rackcdn.com/images/9d426f71-2fa9-43fd-b54e-e62f18db2529/true_catalyst-p-x5_pads.jpg,pads,train
https://c2bfe19d1ca0edc50ce2-ce1e1891d5288622161b9aa342eed946.ssl.cf5.rackcdn.com/images/9c1ad8d9-13c3-46b8-9957-a3860e5dc396/vaughn_ventus-s-l-r4_pads.jpg,pads,train
https://c2bfe19d1ca0edc50ce2-ce1e1891d5288622161b9aa342eed946.ssl.cf5.rackcdn.com/images/9c1ad8d9-13c3-46b8-9957-a3860e5dc396/vaughn_ventus-s-l-r4_pads.jpg,pads,train
https://c2bfe19d1ca0edc50ce2-ce1e1891d5288622161b9aa342eed946.ssl.cf5.rackcdn.com/images/9c356382-9a33-4c9a-8b7e-d1a3990be181/vaughn_ventus-s-l-r3-pro-carbon_pads.jpg,pads,train
https://c2bfe19d1ca0edc50ce2-ce1e1891d5288622161b9aa342eed946.ssl.cf5.rackcdn.com/images/9d426f71-2fa9-43fd-b54e-e62f18db2529/true_catalyst-p-x5_pads.jpg,pads,train
https://c2bfe19d1ca0edc50ce2-ce1e1891d5288622161b9aa342eed946.ssl.cf5.rackcdn.com/images/9c356382-9a33-4c9a-8b7e-d1a3990be181/vaughn_ventus-s-l-r3-pro-carbon_pads.jpg,pads,train
https://c2bfe19d1ca0edc50ce2-ce1e1891d5288622161b9aa342eed946.ssl.cf5.rackcdn.com/images/9c354529-632c-4641-8bf5-e53cde0706c5/bauer_vapor-hyper-lite2_pads.jpg,pads,train
https://c2bfe19d1ca0edc50ce2-ce1e1891d5288622161b9aa342eed946.ssl.cf5.rackcdn.com/images/9ef4f7c1-2c42-4aef-995e-df27725331df/bauer_vapor-fly-lite_pads.jpg,pads,train
https://c2bfe19d1ca0edc50ce2-ce1e1891d5288622161b9aa342eed946.ssl.cf5.rackcdn.com/images/9c356300-90f4-4a54-9560-6cd1270d8e11/vaughn_velocity-v10-pro_pads.jpg,pads,train
https://c2bfe19d1ca0edc50ce2-ce1e1891d5288622161b9aa342eed946.ssl.cf5.rackcdn.com/images/9ea48640-cf4c-456d-906e-95739ee2ad7a/ccm_e-flex7-pro_pads.jpg,pads,train
https://c2bfe19d1ca0edc50ce2-ce1e1891d5288622161b9aa342eed946.ssl.cf5.rackcdn.com/images/9c35694d-0920-4aa6-bb58-96672b4ab28e/true_l87_pads.jpg,pads,train
https://c2bfe19d1ca0edc50ce2-ce1e1891d5288622161b9aa342eed946.ssl.cf5.rackcdn.com/images/9c353d0c-069e-4289-875d-003ff8584ebe/bauer_supreme-mach_pads.jpg,pads,train
https://c2bfe19d1ca0edc50ce2-ce1e1891d5288622161b9aa342eed946.ssl.cf5.rackcdn.com/images/9c354529-632c-4641-8bf5-e53cde0706c5/bauer_vapor-hyper-lite2_pads.jpg,pads,train
https://c2bfe19d1ca0edc50ce2-ce1e1891d5288622161b9aa342eed946.ssl.cf5.rackcdn.com/images/9ef4f7c1-2c42-4aef-995e-df27725331df/bauer_vapor-fly-lite_pads.jpg,pads,train
https://c2bfe19d1ca0edc50ce2-ce1e1891d5288622161b9aa342eed946.ssl.cf5.rackcdn.com/images/99084245-c345-435f-9957-d1f7ccec373b/ccm_pants.jpg,pants,train
https://c2bfe19d1ca0edc50ce2-ce1e1891d5288622161b9aa342eed946.ssl.cf5.rackcdn.com/images/99084255-cde3-4109-80b5-65c2b253da72/warrior_pants.jpg,pants,train
https://c2bfe19d1ca0edc50ce2-ce1e1891d5288622161b9aa342eed946.ssl.cf5.rackcdn.com/images/99084263-d149-4b2b-821d-58606717eee9/bauer_pants.jpg,pants,train
https://c2bfe19d1ca0edc50ce2-ce1e1891d5288622161b9aa342eed946.ssl.cf5.rackcdn.com/images/99084245-c345-435f-9957-d1f7ccec373b/ccm_pants.jpg,pants,train
https://c2bfe19d1ca0edc50ce2-ce1e1891d5288622161b9aa342eed946.ssl.cf5.rackcdn.com/images/99084255-cde3-4109-80b5-65c2b253da72/warrior_pants.jpg,pants,train
https://c2bfe19d1ca0edc50ce2-ce1e1891d5288622161b9aa342eed946.ssl.cf5.rackcdn.com/images/99084263-d149-4b2b-821d-58606717eee9/bauer_pants.jpg,pants,train
https://c2bfe19d1ca0edc50ce2-ce1e1891d5288622161b9aa342eed946.ssl.cf5.rackcdn.com/images/99084245-c345-435f-9957-d1f7ccec373b/ccm_pants.jpg,pants,train
https://c2bfe19d1ca0edc50ce2-ce1e1891d5288622161b9aa342eed946.ssl.cf5.rackcdn.com/images/99084255-cde3-4109-80b5-65c2b253da72/warrior_pants.jpg,pants,train
https://c2bfe19d1ca0edc50ce2-ce1e1891d5288622161b9aa342eed946.ssl.cf5.rackcdn.com/images/99084263-d149-4b2b-821d-58606717eee9/bauer_pants.jpg,pants,train
https://c2bfe19d1ca0edc50ce2-ce1e1891d5288622161b9aa342eed946.ssl.cf5.rackcdn.com/images/99084245-c345-435f-9957-d1f7ccec373b/ccm_pants.jpg,pants,train
https://c2bfe19d1ca0edc50ce2-ce1e1891d5288622161b9aa342eed946.ssl.cf5.rackcdn.com/images/99084255-cde3-4109-80b5-65c2b253da72/warrior_pants.jpg,pants,train
https://c2bfe19d1ca0edc50ce2-ce1e1891d5288622161b9aa342eed946.ssl.cf5.rackcdn.com/images/99084263-d149-4b2b-821d-58606717eee9/bauer_pants.jpg,pants,train
https://c2bfe19d1ca0edc50ce2-ce1e1891d5288622161b9aa342eed946.ssl.cf5.rackcdn.com/images/99084245-c345-435f-9957-d1f7ccec373b/ccm_pants.jpg,pants,train
https://c2bfe19d1ca0edc50ce2-ce1e1891d5288622161b9aa342eed946.ssl.cf5.rackcdn.com/images/99084255-cde3-4109-80b5-65c2b253da72/warrior_pants.jpg,pants,train
https://c2bfe19d1ca0edc50ce2-ce1e1891d5288622161b9aa342eed946.ssl.cf5.rackcdn.com/images/99084263-d149-4b2b-821d-58606717eee9/bauer_pants.jpg,pants,train
https://c2bfe19d1ca0edc50ce2-ce1e1891d5288622161b9aa342eed946.ssl.cf5.rackcdn.com/images/99084245-c345-435f-9957-d1f7ccec373b/ccm_pants.jpg,pants,train
https://c2bfe19d1ca0edc50ce2-ce1e1891d5288622161b9aa342eed946.ssl.cf5.rackcdn.com/images/99084255-cde3-4109-80b5-65c2b253da72/warrior_pants.jpg,pants,train
https://c2bfe19d1ca0edc50ce2-ce1e1891d5288622161b9aa342eed946.ssl.cf5.rackcdn.com/images/99084263-d149-4b2b-821d-58606717eee9/bauer_pants.jpg,pants,train
https://c2bfe19d1ca0edc50ce2-ce1e1891d5288622161b9aa342eed946.ssl.cf5.rackcdn.com/images/99084245-c345-435f-9957-d1f7ccec373b/ccm_pants.jpg,pants,train
https://c2bfe19d1ca0edc50ce2-ce1e1891d5288622161b9aa342eed946.ssl.cf5.rackcdn.com/images/99084255-cde3-4109-80b5-65c2b253da72/warrior_pants.jpg,pants,train
https://c2bfe19d1ca0edc50ce2-ce1e1891d5288622161b9aa342eed946.ssl.cf5.rackcdn.com/images/99084263-d149-4b2b-821d-58606717eee9/bauer_pants.jpg,pants,train
https://c2bfe19d1ca0edc50ce2-ce1e1891d5288622161b9aa342eed946.ssl.cf5.rackcdn.com/images/99084245-c345-435f-9957-d1f7ccec373b/ccm_pants.jpg,pants,train
https://c2bfe19d1ca0edc50ce2-ce1e1891d5288622161b9aa342eed946.ssl.cf5.rackcdn.com/images/99084255-cde3-4109-80b5-65c2b253da72/warrior_pants.jpg,pants,train
https://c2bfe19d1ca0edc50ce2-ce1e1891d5288622161b9aa342eed946.ssl.cf5.rackcdn.com/images/99084263-d149-4b2b-821d-58606717eee9/bauer_pants.jpg,pants,train
https://c2bfe19d1ca0edc50ce2-ce1e1891d5288622161b9aa342eed946.ssl.cf5.rackcdn.com/images/99084245-c345-435f-9957-d1f7ccec373b/ccm_pants.jpg,pants,train
https://c2bfe19d1ca0edc50ce2-ce1e1891d5288622161b9aa342eed946.ssl.cf5.rackcdn.com/images/99084255-cde3-4109-80b5-65c2b253da72/warrior_pants.jpg,pants,train
https://c2bfe19d1ca0edc50ce2-ce1e1891d5288622161b9aa342eed946.ssl.cf5.rackcdn.com/images/99084263-d149-4b2b-821d-58606717eee9/bauer_pants.jpg,pants,train
https://c2bfe19d1ca0edc50ce2-ce1e1891d5288622161b9aa342eed946.ssl.cf5.rackcdn.com/images/99084245-c345-435f-9957-d1f7ccec373b/ccm_pants.jpg,pants,train
https://c2bfe19d1ca0edc50ce2-ce1e1891d5288622161b9aa342eed946.ssl.cf5.rackcdn.com/images/99084255-cde3-4109-80b5-65c2b253da72/warrior_pants.jpg,pants,train
https://c2bfe19d1ca0edc50ce2-ce1e1891d5288622161b9aa342eed946.ssl.cf5.rackcdn.com/images/99084263-d149-4b2b-821d-58606717eee9/bauer_pants.jpg,pants,train
https://c2bfe19d1ca0edc50ce2-ce1e1891d5288622161b9aa342eed946.ssl.cf5.rackcdn.com/images/99084245-c345-435f-9957-d1f7ccec373b/ccm_pants.jpg,pants,train
https://c2bfe19d1ca0edc50ce2-ce1e1891d5288622161b9aa342eed946.ssl.cf5.rackcdn.com/images/99084255-cde3-4109-80b5-65c2b253da72/warrior_pants.jpg,pants,train
https://c2bfe19d1ca0edc50ce2-ce1e1891d5288622161b9aa342eed946.ssl.cf5.rackcdn.com/images/99084263-d149-4b2b-821d-58606717eee9/bauer_pants.jpg,pants,train
https://c2bfe19d1ca0edc50ce2-ce1e1891d5288622161b9aa342eed946.ssl.cf5.rackcdn.com/images/99084245-c345-435f-9957-d1f7ccec373b/ccm_pants.jpg,pants,train
https://c2bfe19d1ca0edc50ce2-ce1e1891d5288622161b9aa342eed946.ssl.cf5.rackcdn.com/images/99084255-cde3-4109-80b5-65c2b253da72/warrior_pants.jpg,pants,train
https://c2bfe19d1ca0edc50ce2-ce1e1891d5288622161b9aa342eed946.ssl.cf5.rackcdn.com/images/99084263-d149-4b2b-821d-58606717eee9/bauer_pants.jpg,pants,train
https://c2bfe19d1ca0edc50ce2-ce1e1891d5288622161b9aa342eed946.ssl.cf5.rackcdn.com/images/99084245-c345-435f-9957-d1f7ccec373b/ccm_pants.jpg,pants,train
https://c2bfe19d1ca0edc50ce2-ce1e1891d5288622161b9aa342eed946.ssl.cf5.rackcdn.com/images/99084255-cde3-4109-80b5-65c2b253da72/warrior_pants.jpg,pants,train
https://c2bfe19d1ca0edc50ce2-ce1e1891d5288622161b9aa342eed946.ssl.cf5.rackcdn.com/images/99084263-d149-4b2b-821d-58606717eee9/bauer_pants.jpg,pants,train
https://c2bfe19d1ca0edc50ce2-ce1e1891d5288622161b9aa342eed946.ssl.cf5.rackcdn.com/images/99084263-d149-4b2b-821d-58606717eee9/bauer_pants.jpg,pants,train
https://c2bfe19d1ca0edc50ce2-ce1e1891d5288622161b9aa342eed946.ssl.cf5.rackcdn.com/images/9d526348-71ab-4071-9464-813b81e7c013/ccm_tacks652-pro_skates.jpg,skates,train
https://c2bfe19d1ca0edc50ce2-ce1e1891d5288622161b9aa342eed946.ssl.cf5.rackcdn.com/images/9c1ad94e-0e37-40ce-b593-d377dbbb42cd/ccm_e-flex6_goalie-skates.jpg,skates,train
https://c2bfe19d1ca0edc50ce2-ce1e1891d5288622161b9aa342eed946.ssl.cf5.rackcdn.com/images/9c733141-7f6c-443f-9f49-1759c61df150/true_catalyst9-x4_skates.jpg,skates,train
https://c2bfe19d1ca0edc50ce2-ce1e1891d5288622161b9aa342eed946.ssl.cf5.rackcdn.com/images/97743c44-0172-410f-8c56-107cfbacf684/ccm_jetspeed-ft4-pro_skates.jpg,skates,train
https://c2bfe19d1ca0edc50ce2-ce1e1891d5288622161b9aa342eed946.ssl.cf5.rackcdn.com/images/9c1b28d0-39bb-4fea-ab81-746b294c00ed/bauer_supreme-shadow_skates.jpg,skates,train
https://c2bfe19d1ca0edc50ce2-ce1e1891d5288622161b9aa342eed946.ssl.cf5.rackcdn.com/images/9c35692c-6814-4389-95b9-8643acbccdf8/true_s-v-h-custom_skates.jpg,skates,train
https://c2bfe19d1ca0edc50ce2-ce1e1891d5288622161b9aa342eed946.ssl.cf5.rackcdn.com/images/9c356b86-bacd-4b46-babd-2c3b50bc0ac3/ccm_super-tacks-a-s3-pro_goalie-skates.jpg,skates,train
https://c2bfe19d1ca0edc50ce2-ce1e1891d5288622161b9aa342eed946.ssl.cf5.rackcdn.com/images/979a256d-4f45-4c01-9c38-02cccc1122cd/ccm_ribcor100k-pro_skates.jpg,skates,train
https://www.truetempersports.com/en-us/hockey/media/logo/websites/9/DTC-Logo.png,skates,train
https://c2bfe19d1ca0edc50ce2-ce1e1891d5288622161b9aa342eed946.ssl.cf5.rackcdn.com/images/979a24fc-14d2-4a7f-80b5-3a54e233a8b9/bauer_vapor-hyperlite_skates.jpg,skates,train
https://c2bfe19d1ca0edc50ce2-ce1e1891d5288622161b9aa342eed946.ssl.cf5.rackcdn.com/images/9bf0e9b8-604f-4d33-974e-77d4927c7d0a/true_custom-s-v-h-one-piece_goalie-skates.jpg,skates,train
https://c2bfe19d1ca0edc50ce2-ce1e1891d5288622161b9aa342eed946.ssl.cf5.rackcdn.com/images/97743d5d-1911-4e9f-a8a4-1993858642ca/ccm_jetspeed_skates.jpg,skates,train
https://encrypted-tbn0.gstatic.com/images?q=tbn:ANd9GcQC3IsNkPz-g9E8yOn-Knl3BoTS7zgEz0IubA&s,skates,train
https://c2bfe19d1ca0edc50ce2-ce1e1891d5288622161b9aa342eed946.ssl.cf5.rackcdn.com/images/979a25df-f448-46e5-9886-f413738db4cf/ccm_tacks-as-v-pro_skates.jpg,skates,train
https://c2bfe19d1ca0edc50ce2-ce1e1891d5288622161b9aa342eed946.ssl.cf5.rackcdn.com/images/97743c36-b6b8-45b4-a98a-ec41f0f77c9f/bauer_vapor2x-pro_skates.jpg,skates,train
https://c2bfe19d1ca0edc50ce2-ce1e1891d5288622161b9aa342eed946.ssl.cf5.rackcdn.com/images/9c353ef7-7387-4f85-bc3d-324bc160eddf/bauer_supreme-ultrasonic_goalie-skates.jpg,skates,train
https://c2bfe19d1ca0edc50ce2-ce1e1891d5288622161b9aa342eed946.ssl.cf5.rackcdn.com/images/97743bfa-0b88-4e5c-8273-2efcfb78da60/bauer_vapor1x2.0_skates.jpg,skates,train
https://c2bfe19d1ca0edc50ce2-ce1e1891d5288622161b9aa342eed946.ssl.cf5.rackcdn.com/images/9c47146b-bf4e-446a-b870-49c7b9db37df/true_t-f-pro_skates.jpg,skates,train
https://c2bfe19d1ca0edc50ce2-ce1e1891d5288622161b9aa342eed946.ssl.cf5.rackcdn.com/images/9c356910-08e6-4745-9e0e-4d15ff8f42dd/true_t-f9_goalie-skates.jpg,skates,train
https://c2bfe19d1ca0edc50ce2-ce1e1891d5288622161b9aa342eed946.ssl.cf5.rackcdn.com/images/9c355182-c622-44a1-8ed3-4904fd71c00b/ccm_jet-speed-f-t2_goalie-skates.jpg,skates,train
https://c2bfe19d1ca0edc50ce2-ce1e1891d5288622161b9aa342eed946.ssl.cf5.rackcdn.com/images/9c35362b-e22e-4300-b190-8915347a09fe/bauer_konekt_goalie-skates.jpg,skates,train
https://c2bfe19d1ca0edc50ce2-ce1e1891d5288622161b9aa342eed946.ssl.cf5.rackcdn.com/images/97743c14-d501-4d6a-8261-157896d64e04/ccm_super-tacks-as3-pro_skates.jpg,skates,train
https://c2bfe19d1ca0edc50ce2-ce1e1891d5288622161b9aa342eed946.ssl.cf5.rackcdn.com/images/9c3537ee-b89d-44da-a855-d28da9c6814b/bauer_pro_goalie-skates.jpg,skates,train
https://c2bfe19d1ca0edc50ce2-ce1e1891d5288622161b9aa342eed946.ssl.cf5.rackcdn.com/images/9bf0ec01-8d41-4dab-8006-918adeefc10a/true_catalyst-pro_skates.jpg,skates,train
https://c2bfe19d1ca0edc50ce2-ce1e1891d5288622161b9aa342eed946.ssl.cf5.rackcdn.com/images/9c26dd14-f274-4ffc-a0ad-46acf193c84e/ccm_jet-speed-f-t6-pro_skates.jpg,skates,train
https://c2bfe19d1ca0edc50ce2-ce1e1891d5288622161b9aa342eed946.ssl.cf5.rackcdn.com/images/97743c09-0b71-4220-83fc-4ee60d39a7a5/bauer_supreme-ultra-sonic_skates.jpg,skates,train
https://c2bfe19d1ca0edc50ce2-ce1e1891d5288622161b9aa342eed946.ssl.cf5.rackcdn.com/images/9bf0ec31-89ff-42cf-8ac3-31f9cb658c29/true_h-z-r-d-u-s-pro_skates.jpg,skates,train
https://c2bfe19d1ca0edc50ce2-ce1e1891d5288622161b9aa342eed946.ssl.cf5.rackcdn.com/images/9a7048b7-ee36-4111-8818-9ce091dfd4a2/bauer_vapor-hyperlite2_skates.jpg,skates,train
https://c2bfe19d1ca0edc50ce2-ce1e1891d5288622161b9aa342eed946.ssl.cf5.rackcdn.com/images/9ddf5372-0d20-4e4e-9e9a-0f681c4a28e2/ccm_jet-speed-f-t8-pro_skates.jpg,skates,train
https://c2bfe19d1ca0edc50ce2-ce1e1891d5288622161b9aa342eed946.ssl.cf5.rackcdn.com/images/9d7cb14f-cd1f-445b-a98a-a269e63c1e1a/true_pro-custom-one-piece_goalie-skates.jpg,skates,train
https://c2bfe19d1ca0edc50ce2-ce1e1891d5288622161b9aa342eed946.ssl.cf5.rackcdn.com/images/979a25df-f448-46e5-9886-f413738db4cf/ccm_tacks-as-v-pro_skates.jpg,skates,train
https://c2bfe19d1ca0edc50ce2-ce1e1891d5288622161b9aa342eed946.ssl.cf5.rackcdn.com/images/9c733141-7f6c-443f-9f49-1759c61df150/true_catalyst9-x4_skates.jpg,skates,train
https://c2bfe19d1ca0edc50ce2-ce1e1891d5288622161b9aa342eed946.ssl.cf5.rackcdn.com/images/9ddf5372-0d20-4e4e-9e9a-0f681c4a28e2/ccm_jet-speed-f-t8-pro_skates.jpg,skates,train
https://c2bfe19d1ca0edc50ce2-ce1e1891d5288622161b9aa342eed946.ssl.cf5.rackcdn.com/images/9c733141-7f6c-443f-9f49-1759c61df150/true_catalyst9-x4_skates.jpg,skates,train
https://c2bfe19d1ca0edc50ce2-ce1e1891d5288622161b9aa342eed946.ssl.cf5.rackcdn.com/images/9c356b86-bacd-4b46-babd-2c3b50bc0ac3/ccm_super-tacks-a-s3-pro_goalie-skates.jpg,skates,train
https://c2bfe19d1ca0edc50ce2-ce1e1891d5288622161b9aa342eed946.ssl.cf5.rackcdn.com/images/9c47146b-bf4e-446a-b870-49c7b9db37df/true_t-f-pro_skates.jpg,skates,train
https://c2bfe19d1ca0edc50ce2-ce1e1891d5288622161b9aa342eed946.ssl.cf5.rackcdn.com/images/9c355182-c622-44a1-8ed3-4904fd71c00b/ccm_jet-speed-f-t2_goalie-skates.jpg,skates,train
https://c2bfe19d1ca0edc50ce2-ce1e1891d5288622161b9aa342eed946.ssl.cf5.rackcdn.com/images/9bf0e9b8-604f-4d33-974e-77d4927c7d0a/true_custom-s-v-h-one-piece_goalie-skates.jpg,skates,train
https://c2bfe19d1ca0edc50ce2-ce1e1891d5288622161b9aa342eed946.ssl.cf5.rackcdn.com/images/9a7048b7-ee36-4111-8818-9ce091dfd4a2/bauer_vapor-hyperlite2_skates.jpg,skates,train
https://c2bfe19d1ca0edc50ce2-ce1e1891d5288622161b9aa342eed946.ssl.cf5.rackcdn.com/images/97743c09-0b71-4220-83fc-4ee60d39a7a5/bauer_supreme-ultra-sonic_skates.jpg,skates,train
https://c2bfe19d1ca0edc50ce2-ce1e1891d5288622161b9aa342eed946.ssl.cf5.rackcdn.com/images/9c557800-8150-4001-b888-8776df056dd0/ccm_ribcor-trigger-a-s-y_stick.jpg,stick,train
https://c2bfe19d1ca0edc50ce2-ce1e1891d5288622161b9aa342eed946.ssl.cf5.rackcdn.com/images/9c5d56a5-e024-4ad9-adf4-878e4ea5ae53/sherwood_rekker-legend-pro_stick.jpg,stick,train
https://c2bfe19d1ca0edc50ce2-ce1e1891d5288622161b9aa342eed946.ssl.cf5.rackcdn.com/images/9ddf50a2-63dd-4299-88af-f4d6fa62dff7/warrior_r/-v4-r-t-l_goalie-stick.jpg,stick,train
https://c2bfe19d1ca0edc50ce2-ce1e1891d5288622161b9aa342eed946.ssl.cf5.rackcdn.com/images/9c558d34-ee7b-4645-9282-d19a076a36f9/ccm_tacks-a-s--v-pro_stick.jpg,stick,train
https://encrypted-tbn0.gstatic.com/images?q=tbn:ANd9GcQ8bFFuYeClQpggsvkA3D0RC8Cg50NCxZCdDg&s,stick,train
https://c2bfe19d1ca0edc50ce2-ce1e1891d5288622161b9aa342eed946.ssl.cf5.rackcdn.com/images/9d84cbc0-79f2-4333-b79e-247516d51d7d/ccm_ribcor-trigger9-pro-north_stick.jpg,stick,train
https://c2bfe19d1ca0edc50ce2-ce1e1891d5288622161b9aa342eed946.ssl.cf5.rackcdn.com/images/9c558d0a-45f1-4688-8051-6637b32d4e6b/ccm_tacks-a-s--v-i-pro_stick.jpg,stick,train
https://c2bfe19d1ca0edc50ce2-ce1e1891d5288622161b9aa342eed946.ssl.cf5.rackcdn.com/images/9c6b9b3e-be77-4145-9c57-8e160cc8ff86/ccm_jet-speed-f-t6-pro_stick.jpg,stick,train
https://c2bfe19d1ca0edc50ce2-ce1e1891d5288622161b9aa342eed946.ssl.cf5.rackcdn.com/images/9c63585a-fe01-41cc-bdaa-194ef972c066/true_catalyst9-x3_goalie-stick.jpg,stick,train
https://c2bfe19d1ca0edc50ce2-ce1e1891d5288622161b9aa342eed946.ssl.cf5.rackcdn.com/images/9c610cdb-a957-47ed-976f-d222dadeb91f/bauer_nexus-tracer_stick.jpg,stick,train
https://c2bfe19d1ca0edc50ce2-ce1e1891d5288622161b9aa342eed946.ssl.cf5.rackcdn.com/images/9c518927-9738-4014-bbd2-56e4adea0f06/bauer_proto-r_stick.jpg,stick,train
https://c2bfe19d1ca0edc50ce2-ce1e1891d5288622161b9aa342eed946.ssl.cf5.rackcdn.com/images/9d365f9c-c0c5-4abe-b892-839d64d024a3/bauer_twitch_stick.jpg,stick,train
https://c2bfe19d1ca0edc50ce2-ce1e1891d5288622161b9aa342eed946.ssl.cf5.rackcdn.com/images/9c558cd4-986f-45d2-80f5-0c075e88eb64/ccm_super-tacks-a-s3-pro_stick.jpg,stick,train
https://c2bfe19d1ca0edc50ce2-ce1e1891d5288622161b9aa342eed946.ssl.cf5.rackcdn.com/images/9c51190f-3b5c-4c55-badf-b1f9859eb08f/bauer_supreme2-s-pro_stick.jpg,stick,train
https://www.hockeyunlimited.fi/WebRoot/vilkasfi01/Shops/2014061601/6836/3A57/B25E/69C4/3512/7F00/0001/3102/HSRC10P-YT_01_m.jpg,stick,train
https://c2bfe19d1ca0edc50ce2-ce1e1891d5288622161b9aa342eed946.ssl.cf5.rackcdn.com/images/9c6347a9-019f-4d33-8844-6bbfeb8ffadd/ccm_e-flex5-pro-lite_goalie-stick.jpg,stick,train
https://c2bfe19d1ca0edc50ce2-ce1e1891d5288622161b9aa342eed946.ssl.cf5.rackcdn.com/images/9c534423-2edc-42d3-987e-fc97a0b24857/bauer_nexus-geo_stick.jpg,stick,train
https://c2bfe19d1ca0edc50ce2-ce1e1891d5288622161b9aa342eed946.ssl.cf5.rackcdn.com/images/9d62f321-f8c3-4e50-ad92-bbc28beca483/sherwood_rekker-morph-pro_stick.jpg,stick,train
https://c2bfe19d1ca0edc50ce2-ce1e1891d5288622161b9aa342eed946.ssl.cf5.rackcdn.com/images/9c6ba407-2493-427f-b118-d4802b9bfec5/ccm_jet-speed-f-t7-pro_stick.jpg,stick,train
https://c2bfe19d1ca0edc50ce2-ce1e1891d5288622161b9aa342eed946.ssl.cf5.rackcdn.com/images/9e9647e5-54c0-42eb-bbd4-130d27747604/true_h-z-r-d-u-s-smoke_stick.jpg,stick,train
https://c2bfe19d1ca0edc50ce2-ce1e1891d5288622161b9aa342eed946.ssl.cf5.rackcdn.com/images/9c733bf5-65da-4343-b10d-d82817e8717d/ccm_ribcor-trigger9-pro_stick.jpg,stick,train
https://encrypted-tbn0.gstatic.com/images?q=tbn:ANd9GcSJJI4QoxrSdypEM-5DI4N8l4wbJMHUVtxB9g&s,stick,train
https://c2bfe19d1ca0edc50ce2-ce1e1891d5288622161b9aa342eed946.ssl.cf5.rackcdn.com/images/9c511870-cb85-48d1-b073-643efd13d17e/bauer_nexus2-n-pro_stick.jpg,stick,train
https://c2bfe19d1ca0edc50ce2-ce1e1891d5288622161b9aa342eed946.ssl.cf5.rackcdn.com/images/9c53672e-d514-480b-ac4d-aadff18c91a0/true_h-z-r-d-u-s-p-x_stick.jpg,stick,train
https://c2bfe19d1ca0edc50ce2-ce1e1891d5288622161b9aa342eed946.ssl.cf5.rackcdn.com/images/9c633bf8-232d-419a-9bc9-685d7cf7ecdb/bauer_vapor-hyper-lite2_goalie-stick.jpg,stick,train
https://c2bfe19d1ca0edc50ce2-ce1e1891d5288622161b9aa342eed946.ssl.cf5.rackcdn.com/images/9c53525b-bce2-4225-a7e1-a03e90507153/warrior_novium-pro_stick.jpg,stick,train
https://c2bfe19d1ca0edc50ce2-ce1e1891d5288622161b9aa342eed946.ssl.cf5.rackcdn.com/images/9d284b40-d871-43f2-9835-bb3779931179/warrior_novium2_stick.jpg,stick,train
https://encrypted-tbn0.gstatic.com/images?q=tbn:ANd9GcQVq1-csEyPtXIqxKMHG-PPAo9z91lMCv9wpw&s,stick,train
https://c2bfe19d1ca0edc50ce2-ce1e1891d5288622161b9aa342eed946.ssl.cf5.rackcdn.com/images/97743d4c-a855-4e18-b38c-d89d9feb65ab/bauer_supreme-totalone-nxg_stick.jpg,stick,train
https://c2bfe19d1ca0edc50ce2-ce1e1891d5288622161b9aa342eed946.ssl.cf5.rackcdn.com/images/9c5577e6-1d08-4254-9400-3d04be2dc5ea/ccm_ribcor-trigger7-pro_stick.jpg,stick,train
https://c2bfe19d1ca0edc50ce2-ce1e1891d5288622161b9aa342eed946.ssl.cf5.rackcdn.com/images/9c6342ca-ff7f-4e34-9aba-6b97cba510a7/bauer_supreme-shadow_goalie-stick.jpg,stick,train
https://c2bfe19d1ca0edc50ce2-ce1e1891d5288622161b9aa342eed946.ssl.cf5.rackcdn.com/images/9d60ce03-09a5-4965-8cc4-1232541a47e2/ccm_vision_stick.jpg,stick,train
https://c2bfe19d1ca0edc50ce2-ce1e1891d5288622161b9aa342eed946.ssl.cf5.rackcdn.com/images/9c53671a-93fc-434d-ae3b-53da212bdb84/true_catalyst9-x3_stick.jpg,stick,train
https://c2bfe19d1ca0edc50ce2-ce1e1891d5288622161b9aa342eed946.ssl.cf5.rackcdn.com/images/9ef4f402-e4d6-48df-a53a-7652eced0c97/ccm_vizion_goalie-stick.jpg,stick,train
https://c2bfe19d1ca0edc50ce2-ce1e1891d5288622161b9aa342eed946.ssl.cf5.rackcdn.com/images/9c272de2-0d5b-41de-84bc-32fb68d3141d/true_h-z-r-d-u-s9-x4_goalie-stick.jpg,stick,train
https://c2bfe19d1ca0edc50ce2-ce1e1891d5288622161b9aa342eed946.ssl.cf5.rackcdn.com/images/9d8cccf2-2bb0-4d72-9b3a-f7f965a54b0c/true_project-x-smoke_stick.jpg,stick,train
https://c2bfe19d1ca0edc50ce2-ce1e1891d5288622161b9aa342eed946.ssl.cf5.rackcdn.com/images/9e845f19-32fd-42b2-9088-0f2c48628345/warrior_alpha-l-x3-pro_stick.jpg,stick,train
https://c2bfe19d1ca0edc50ce2-ce1e1891d5288622161b9aa342eed946.ssl.cf5.rackcdn.com/images/9c511985-880e-4b20-a314-63354654d9dc/ccm_f-t-ghost_stick.jpg,stick,train
https://c2bfe19d1ca0edc50ce2-ce1e1891d5288622161b9aa342eed946.ssl.cf5.rackcdn.com/images/9c633c16-5419-4cf8-9f53-0bd32f39a454/bauer_supreme-mach_goalie-stick.jpg,stick,train
https://c2bfe19d1ca0edc50ce2-ce1e1891d5288622161b9aa342eed946.ssl.cf5.rackcdn.com/images/9e94e3ab-8a29-4e9f-81f4-15b281a2d9fd/true_h-z-r-d-u-s-smoke_goalie-stick.jpg,stick,train
https://c2bfe19d1ca0edc50ce2-ce1e1891d5288622161b9aa342eed946.ssl.cf5.rackcdn.com/images/9c5368c3-96a8-41e9-81c3-cd0120433305/warrior_alpha-l-x2-pro_stick.jpg,stick,train
https://c2bfe19d1ca0edc50ce2-ce1e1891d5288622161b9aa342eed946.ssl.cf5.rackcdn.com/images/9c535246-eb1f-4f52-bd87-90fbd487fac3/warrior_covert-q-r6-pro_stick.jpg,stick,train
https://c2bfe19d1ca0edc50ce2-ce1e1891d5288622161b9aa342eed946.ssl.cf5.rackcdn.com/images/9c534a4d-904f-4961-a576-d96a676009d0/bauer_vapor-fly-lite_stick.jpg,stick,train
https://c2bfe19d1ca0edc50ce2-ce1e1891d5288622161b9aa342eed946.ssl.cf5.rackcdn.com/images/9c6b9ace-541b-4d08-b8eb-714307ad7e56/bauer_nexus-sync_stick.jpg,stick,train
https://c2bfe19d1ca0edc50ce2-ce1e1891d5288622161b9aa342eed946.ssl.cf5.rackcdn.com/images/9d368cef-ab2c-411c-830b-3704b9998c6f/ccm_jet-speed-f-t-w_stick.jpg,stick,train
https://c2bfe19d1ca0edc50ce2-ce1e1891d5288622161b9aa342eed946.ssl.cf5.rackcdn.com/images/99083ed3-c5cf-4c75-9693-e3c00eb5e95e/oakley_831_visor.jpg,visor,train
https://c2bfe19d1ca0edc50ce2-ce1e1891d5288622161b9aa342eed946.ssl.cf5.rackcdn.com/images/99083ede-0c75-4aa6-a0ba-7c80ba4257c3/bauer_aviator-cut_visor.jpg,visor,train
https://c2bfe19d1ca0edc50ce2-ce1e1891d5288622161b9aa342eed946.ssl.cf5.rackcdn.com/images/99083ebd-f0da-4a5b-8491-485d8135144f/bauer_55p-x-cut_visor.jpg,visor,train
https://c2bfe19d1ca0edc50ce2-ce1e1891d5288622161b9aa342eed946.ssl.cf5.rackcdn.com/images/99083eb5-3eb6-4902-aeb8-456562073f05/bauer_55p-blade-cut_visor.jpg,visor,train
https://c2bfe19d1ca0edc50ce2-ce1e1891d5288622161b9aa342eed946.ssl.cf5.rackcdn.com/images/99083ec8-5b8d-419a-98b8-04e6b3bd17d3/oakley_825_visor.jpg,visor,train
https://c2bfe19d1ca0edc50ce2-ce1e1891d5288622161b9aa342eed946.ssl.cf5.rackcdn.com/images/99083eee-e2bc-45ee-a5ce-ad3f1dd66e3e/ccm_vr-pro_visor.jpg,visor,train
https://c2bfe19d1ca0edc50ce2-ce1e1891d5288622161b9aa342eed946.ssl.cf5.rackcdn.com/images/99083ed3-c5cf-4c75-9693-e3c00eb5e95e/oakley_831_visor.jpg,visor,train
https://c2bfe19d1ca0edc50ce2-ce1e1891d5288622161b9aa342eed946.ssl.cf5.rackcdn.com/images/99083ede-0c75-4aa6-a0ba-7c80ba4257c3/bauer_aviator-cut_visor.jpg,visor,train
https://c2bfe19d1ca0edc50ce2-ce1e1891d5288622161b9aa342eed946.ssl.cf5.rackcdn.com/images/99083ebd-f0da-4a5b-8491-485d8135144f/bauer_55p-x-cut_visor.jpg,visor,train
https://c2bfe19d1ca0edc50ce2-ce1e1891d5288622161b9aa342eed946.ssl.cf5.rackcdn.com/images/99083eb5-3eb6-4902-aeb8-456562073f05/bauer_55p-blade-cut_visor.jpg,visor,train
https://c2bfe19d1ca0edc50ce2-ce1e1891d5288622161b9aa342eed946.ssl.cf5.rackcdn.com/images/99083ec8-5b8d-419a-98b8-04e6b3bd17d3/oakley_825_visor.jpg,visor,train
https://c2bfe19d1ca0edc50ce2-ce1e1891d5288622161b9aa342eed946.ssl.cf5.rackcdn.com/images/99083eee-e2bc-45ee-a5ce-ad3f1dd66e3e/ccm_vr-pro_visor.jpg,visor,train
https://c2bfe19d1ca0edc50ce2-ce1e1891d5288622161b9aa342eed946.ssl.cf5.rackcdn.com/images/99083ed3-c5cf-4c75-9693-e3c00eb5e95e/oakley_831_visor.jpg,visor,train
https://c2bfe19d1ca0edc50ce2-ce1e1891d5288622161b9aa342eed946.ssl.cf5.rackcdn.com/images/99083ede-0c75-4aa6-a0ba-7c80ba4257c3/bauer_aviator-cut_visor.jpg,visor,train
https://c2bfe19d1ca0edc50ce2-ce1e1891d5288622161b9aa342eed946.ssl.cf5.rackcdn.com/images/99083ebd-f0da-4a5b-8491-485d8135144f/bauer_55p-x-cut_visor.jpg,visor,train
https://c2bfe19d1ca0edc50ce2-ce1e1891d5288622161b9aa342eed946.ssl.cf5.rackcdn.com/images/99083eb5-3eb6-4902-aeb8-456562073f05/bauer_55p-blade-cut_visor.jpg,visor,train
https://c2bfe19d1ca0edc50ce2-ce1e1891d5288622161b9aa342eed946.ssl.cf5.rackcdn.com/images/99083ec8-5b8d-419a-98b8-04e6b3bd17d3/oakley_825_visor.jpg,visor,train
https://c2bfe19d1ca0edc50ce2-ce1e1891d5288622161b9aa342eed946.ssl.cf5.rackcdn.com/images/99083eee-e2bc-45ee-a5ce-ad3f1dd66e3e/ccm_vr-pro_visor.jpg,visor,train
https://c2bfe19d1ca0edc50ce2-ce1e1891d5288622161b9aa342eed946.ssl.cf5.rackcdn.com/images/99083ed3-c5cf-4c75-9693-e3c00eb5e95e/oakley_831_visor.jpg,visor,train
https://c2bfe19d1ca0edc50ce2-ce1e1891d5288622161b9aa342eed946.ssl.cf5.rackcdn.com/images/99083ede-0c75-4aa6-a0ba-7c80ba4257c3/bauer_aviator-cut_visor.jpg,visor,train
https://c2bfe19d1ca0edc50ce2-ce1e1891d5288622161b9aa342eed946.ssl.cf5.rackcdn.com/images/99083ebd-f0da-4a5b-8491-485d8135144f/bauer_55p-x-cut_visor.jpg,visor,train
https://c2bfe19d1ca0edc50ce2-ce1e1891d5288622161b9aa342eed946.ssl.cf5.rackcdn.com/images/99083eb5-3eb6-4902-aeb8-456562073f05/bauer_55p-blade-cut_visor.jpg,visor,train
https://c2bfe19d1ca0edc50ce2-ce1e1891d5288622161b9aa342eed946.ssl.cf5.rackcdn.com/images/99083ec8-5b8d-419a-98b8-04e6b3bd17d3/oakley_825_visor.jpg,visor,train
https://c2bfe19d1ca0edc50ce2-ce1e1891d5288622161b9aa342eed946.ssl.cf5.rackcdn.com/images/99083eee-e2bc-45ee-a5ce-ad3f1dd66e3e/ccm_vr-pro_visor.jpg,visor,train
https://c2bfe19d1ca0edc50ce2-ce1e1891d5288622161b9aa342eed946.ssl.cf5.rackcdn.com/images/99083ed3-c5cf-4c75-9693-e3c00eb5e95e/oakley_831_visor.jpg,visor,train
https://c2bfe19d1ca0edc50ce2-ce1e1891d5288622161b9aa342eed946.ssl.cf5.rackcdn.com/images/99083ede-0c75-4aa6-a0ba-7c80ba4257c3/bauer_aviator-cut_visor.jpg,visor,train
https://c2bfe19d1ca0edc50ce2-ce1e1891d5288622161b9aa342eed946.ssl.cf5.rackcdn.com/images/99083ebd-f0da-4a5b-8491-485d8135144f/bauer_55p-x-cut_visor.jpg,visor,train
https://c2bfe19d1ca0edc50ce2-ce1e1891d5288622161b9aa342eed946.ssl.cf5.rackcdn.com/images/99083eb5-3eb6-4902-aeb8-456562073f05/bauer_55p-blade-cut_visor.jpg,visor,train
https://c2bfe19d1ca0edc50ce2-ce1e1891d5288622161b9aa342eed946.ssl.cf5.rackcdn.com/images/99083ec8-5b8d-419a-98b8-04e6b3bd17d3/oakley_825_visor.jpg,visor,train
https://c2bfe19d1ca0edc50ce2-ce1e1891d5288622161b9aa342eed946.ssl.cf5.rackcdn.com/images/99083eee-e2bc-45ee-a5ce-ad3f1dd66e3e/ccm_vr-pro_visor.jpg,visor,train
https://c2bfe19d1ca0edc50ce2-ce1e1891d5288622161b9aa342eed946.ssl.cf5.rackcdn.com/images/99083ed3-c5cf-4c75-9693-e3c00eb5e95e/oakley_831_visor.jpg,visor,train
https://c2bfe19d1ca0edc50ce2-ce1e1891d5288622161b9aa342eed946.ssl.cf5.rackcdn.com/images/99083ede-0c75-4aa6-a0ba-7c80ba4257c3/bauer_aviator-cut_visor.jpg,visor,train
https://c2bfe19d1ca0edc50ce2-ce1e1891d5288622161b9aa342eed946.ssl.cf5.rackcdn.com/images/99083ebd-f0da-4a5b-8491-485d8135144f/bauer_55p-x-cut_visor.jpg,visor,train
https://c2bfe19d1ca0edc50ce2-ce1e1891d5288622161b9aa342eed946.ssl.cf5.rackcdn.com/images/99083eb5-3eb6-4902-aeb8-456562073f05/bauer_55p-blade-cut_visor.jpg,visor,train
https://c2bfe19d1ca0edc50ce2-ce1e1891d5288622161b9aa342eed946.ssl.cf5.rackcdn.com/images/99083ec8-5b8d-419a-98b8-04e6b3bd17d3/oakley_825_visor.jpg,visor,train
https://c2bfe19d1ca0edc50ce2-ce1e1891d5288622161b9aa342eed946.ssl.cf5.rackcdn.com/images/99083eee-e2bc-45ee-a5ce-ad3f1dd66e3e/ccm_vr-pro_visor.jpg,visor,train
https://c2bfe19d1ca0edc50ce2-ce1e1891d5288622161b9aa342eed946.ssl.cf5.rackcdn.com/images/99083eee-e2bc-45ee-a5ce-ad3f1dd66e3e/ccm_vr-pro_visor.jpg,visor,train
https://c2bfe19d1ca0edc50ce2-ce1e1891d5288622161b9aa342eed946.ssl.cf5.rackcdn.com/images/99083ebd-f0da-4a5b-8491-485d8135144f/bauer_55p-x-cut_visor.jpg,visor,train
https://c2bfe19d1ca0edc50ce2-ce1e1891d5288622161b9aa342eed946.ssl.cf5.rackcdn.com/images/99083ec8-5b8d-419a-98b8-04e6b3bd17d3/oakley_825_visor.jpg,visor,train
https://c2bfe19d1ca0edc50ce2-ce1e1891d5288622161b9aa342eed946.ssl.cf5.rackcdn.com/images/99083ebd-f0da-4a5b-8491-485d8135144f/bauer_55p-x-cut_visor.jpg,visor,train
https://c2bfe19d1ca0edc50ce2-ce1e1891d5288622161b9aa342eed946.ssl.cf5.rackcdn.com/images/9ef4f5d0-15d4-4800-98b2-72b7116b7d34/bauer_s-v--pro_blocker.jpg,blocker,val
https://c2bfe19d1ca0edc50ce2-ce1e1891d5288622161b9aa342eed946.ssl.cf5.rackcdn.com/images/9c3544e3-b34d-4a63-be30-0a8f31910293/bauer_vapor-hyper-lite2_blocker.jpg,blocker,val
https://c2bfe19d1ca0edc50ce2-ce1e1891d5288622161b9aa342eed946.ssl.cf5.rackcdn.com/images/9d3e5ef7-9489-49cc-b20e-6e692da50251/vaughn_v-x1_blocker.jpg,blocker,val
https://encrypted-tbn0.gstatic.com/images?q=tbn:ANd9GcTuoOjBqfPb-IpDqLXinvK1VZfiNzsmzvfWAg&s,gloves,val
https://c2bfe19d1ca0edc50ce2-ce1e1891d5288622161b9aa342eed946.ssl.cf5.rackcdn.com/images/9c9bb162-7db0-4e75-9519-dae58c67c9b7/ccm_4--roll-pro_glove.png,gloves,val
https://c2bfe19d1ca0edc50ce2-ce1e1891d5288622161b9aa342eed946.ssl.cf5.rackcdn.com/images/9c1d35fc-7935-46a1-8b64-30de18a3a1fc/warrior_dynasty-a-x1_glove.jpg,gloves,val
https://c2bfe19d1ca0edc50ce2-ce1e1891d5288622161b9aa342eed946.ssl.cf5.rackcdn.com/images/9c1d354f-a645-4fc3-ad9e-9d919cedc686/warrior_covert-q-r1_glove.jpg,gloves,val
https://encrypted-tbn0.gstatic.com/images?q=tbn:ANd9GcRHP_wf1UZT3CEy9S01g6HIBhUGV1nzBQxO6A&s,gloves,val
https://c2bfe19d1ca0edc50ce2-ce1e1891d5288622161b9aa342eed946.ssl.cf5.rackcdn.com/images/9c1d307f-c9b5-46da-8d40-13ee160f3e6b/ccm_quicklite_glove.jpg,gloves,val
https://c2bfe19d1ca0edc50ce2-ce1e1891d5288622161b9aa342eed946.ssl.cf5.rackcdn.com/images/97743c06-896b-4fae-ad0f-ae5ea13fabc0/bauer_re-akt150_helmet.jpg,helmet,val
https://c2bfe19d1ca0edc50ce2-ce1e1891d5288622161b9aa342eed946.ssl.cf5.rackcdn.com/images/97743c39-5f12-47dd-873a-f98d7115dbb4/bauer_4500_helmet.jpg,helmet,val
https://c2bfe19d1ca0edc50ce2-ce1e1891d5288622161b9aa342eed946.ssl.cf5.rackcdn.com/images/979a2630-f78e-456d-810e-96134b608710/warrior_covert-cf100_helmet.jpg,helmet,val
https://encrypted-tbn0.gstatic.com/images?q=tbn:ANd9GcRK3KsM71wmIPHfvpUjTaHW9lQyW4Va1YDp_Q&s,helmet,val
https://c2bfe19d1ca0edc50ce2-ce1e1891d5288622161b9aa342eed946.ssl.cf5.rackcdn.com/images/9c35628d-d4b3-4b31-954f-c24f0331847c/vaughn_pro's-choice_mask.jpg,mask,val
https://c2bfe19d1ca0edc50ce2-ce1e1891d5288622161b9aa342eed946.ssl.cf5.rackcdn.com/images/9d426f51-3164-4ad5-9c13-40445771f86b/true_catalyst-p-x5_goalie-glove.jpg,mitt,val
https://c2bfe19d1ca0edc50ce2-ce1e1891d5288622161b9aa342eed946.ssl.cf5.rackcdn.com/images/9c3569c4-a1ef-42f7-82fe-089f3eecd4c4/true_l20.2_goalie-glove.jpg,mitt,val
https://c2bfe19d1ca0edc50ce2-ce1e1891d5288622161b9aa342eed946.ssl.cf5.rackcdn.com/images/9ea486e9-feb6-4764-b114-3cfe0554f752/ccm_e-flex7-pro_goalie-glove.jpg,mitt,val
https://c2bfe19d1ca0edc50ce2-ce1e1891d5288622161b9aa342eed946.ssl.cf5.rackcdn.com/images/9c356a62-6430-4b01-a9e2-eca0e525e6e3/true_catalyst-p-x3_pads.jpg,pads,val
https://c2bfe19d1ca0edc50ce2-ce1e1891d5288622161b9aa342eed946.ssl.cf5.rackcdn.com/images/9ef4f5fc-b73c-4e22-ae54-ffdeb4113997/bauer_s-v--pro_pads.jpg,pads,val
https://c2bfe19d1ca0edc50ce2-ce1e1891d5288622161b9aa342eed946.ssl.cf5.rackcdn.com/images/9d3e5f22-e939-4bf7-a939-4a3e740d91cb/vaughn_v-x1_pads.jpg,pads,val
https://c2bfe19d1ca0edc50ce2-ce1e1891d5288622161b9aa342eed946.ssl.cf5.rackcdn.com/images/9c26ade9-5a10-4af7-95d0-3e4c9ad2ee47/true_stock-two-piece_goalie-skates.jpg,skates,val
https://c2bfe19d1ca0edc50ce2-ce1e1891d5288622161b9aa342eed946.ssl.cf5.rackcdn.com/images/9f1d4e28-853b-48f5-9084-60bd416236ba/bauer_vapor-fly-lite_skates.jpg,skates,val
https://c2bfe19d1ca0edc50ce2-ce1e1891d5288622161b9aa342eed946.ssl.cf5.rackcdn.com/images/9c1b25fe-6b12-4424-b3e1-8a8ad87dee31/ccm_tacks-x-f-pro_skates.jpg,skates,val
https://c2bfe19d1ca0edc50ce2-ce1e1891d5288622161b9aa342eed946.ssl.cf5.rackcdn.com/images/979a250c-8e41-4a83-9a3a-6e1c2e21256c/bauer_supreme-mach_skates.jpg,skates,val
https://c2bfe19d1ca0edc50ce2-ce1e1891d5288622161b9aa342eed946.ssl.cf5.rackcdn.com/images/9c1b238c-f281-4c80-8003-1c5b514a1fe7/bauer_konekt2_goalie-skates.jpg,skates,val
https://c2bfe19d1ca0edc50ce2-ce1e1891d5288622161b9aa342eed946.ssl.cf5.rackcdn.com/images/97743cc9-4722-4dd5-881d-40c2253fd87e/true_pro-custom_skates.jpg,skates,val
https://encrypted-tbn0.gstatic.com/images?q=tbn:ANd9GcTVQ4GfpTlFGcPXxvEY64KvW0inkBdDdWVrlg&s,stick,val
https://c2bfe19d1ca0edc50ce2-ce1e1891d5288622161b9aa342eed946.ssl.cf5.rackcdn.com/images/9c5577cb-d3d4-4ea3-8375-985ee06d61c5/ccm_ribcor-trigger6-pro_stick.jpg,stick,val
https://c2bfe19d1ca0edc50ce2-ce1e1891d5288622161b9aa342eed946.ssl.cf5.rackcdn.com/images/9c6358b2-781c-4e7c-92a8-b8c0fd92165e/warrior_ritual-v2-pro+_goalie-stick.jpg,stick,val
https://c2bfe19d1ca0edc50ce2-ce1e1891d5288622161b9aa342eed946.ssl.cf5.rackcdn.com/images/9c5368a9-3a76-412b-82ac-494aadcdc679/warrior_alpha-l-x-pro_stick.jpg,stick,val
https://c2bfe19d1ca0edc50ce2-ce1e1891d5288622161b9aa342eed946.ssl.cf5.rackcdn.com/images/9c6b9b0e-faa9-4e95-a52e-a8e14edcd498/bauer_vapor-hyper-lite2_stick.jpg,stick,val
https://c2bfe19d1ca0edc50ce2-ce1e1891d5288622161b9aa342eed946.ssl.cf5.rackcdn.com/images/9c5368d8-92ff-4d66-9095-2197c549f6ba/warrior_covert-q-r5-pro_stick.jpg,stick,val
https://c2bfe19d1ca0edc50ce2-ce1e1891d5288622161b9aa342eed946.ssl.cf5.rackcdn.com/images/9c6b9df6-28e1-464f-9f2f-8a0d9f056026/ccm_jet-speed-f-t5-pro_stick.jpg,stick,val
https://c2bfe19d1ca0edc50ce2-ce1e1891d5288622161b9aa342eed946.ssl.cf5.rackcdn.com/images/9c55775d-6242-48db-8d9a-58d744ca4bed/ccm_ribcor-reckoner_stick.jpg,stick,val
https://c2bfe19d1ca0edc50ce2-ce1e1891d5288622161b9aa342eed946.ssl.cf5.rackcdn.com/images/9c2733f4-cea0-476f-a153-870a9b50290a/sherwood_code-encrypt-pro_stick.jpg,stick,val
https://c2bfe19d1ca0edc50ce2-ce1e1891d5288622161b9aa342eed946.ssl.cf5.rackcdn.com/images/99083ef9-8719-4828-83a1-03d194d80f30/ccm_vr-pro-sh_visor.jpg,visor,val
https://c2bfe19d1ca0edc50ce2-ce1e1891d5288622161b9aa342eed946.ssl.cf5.rackcdn.com/images/9c1b2317-09d9-4981-bdd2-bec3dd9f2766/bauer_supreme-shadow_blocker.jpg,blocker,test
https://c2bfe19d1ca0edc50ce2-ce1e1891d5288622161b9aa342eed946.ssl.cf5.rackcdn.com/images/9bf0e8ea-bfc8-407b-8e4e-fa26e0d030de/true_h-z-r-d-u-s_blocker.jpg,blocker,test
https://c2bfe19d1ca0edc50ce2-ce1e1891d5288622161b9aa342eed946.ssl.cf5.rackcdn.com/images/9c1b22de-986d-4f27-800a-c309299290c9/ccm_axis-x-f-pro_blocker.jpg,blocker,test
https://c2bfe19d1ca0edc50ce2-ce1e1891d5288622161b9aa342eed946.ssl.cf5.rackcdn.com/images/9c1d2d86-983d-4d51-aded-e36f842a155d/bauer_supreme-mach_glove.jpg,gloves,test
https://c2bfe19d1ca0edc50ce2-ce1e1891d5288622161b9aa342eed946.ssl.cf5.rackcdn.com/images/9c1d35b1-873a-4e5a-866e-1c73dd579ab8/warrior_covert-q-r-e_glove.jpg,gloves,test
https://c2bfe19d1ca0edc50ce2-ce1e1891d5288622161b9aa342eed946.ssl.cf5.rackcdn.com/images/9c1d34eb-d3a3-4624-a2eb-64e16980d74b/warrior_alpha-q-x_glove.jpg,gloves,test
https://c2bfe19d1ca0edc50ce2-ce1e1891d5288622161b9aa342eed946.ssl.cf5.rackcdn.com/images/9c9baa05-b86b-4101-8a15-2a7e79a4ffff/ccm_4--roll-pro-i-i_glove.jpg,gloves,test
https://c2bfe19d1ca0edc50ce2-ce1e1891d5288622161b9aa342eed946.ssl.cf5.rackcdn.com/images/9c1d35d8-6283-45a8-9e5a-eed79c40a108/warrior_covert-q-r-l_glove.jpg,gloves,test
https://c2bfe19d1ca0edc50ce2-ce1e1891d5288622161b9aa342eed946.ssl.cf5.rackcdn.com/images/9c1d2f7e-989a-4c18-9bc5-3bd90c2c9041/ccm_h-g12_glove.jpg,gloves,test
https://encrypted-tbn0.gstatic.com/images?q=tbn:ANd9GcRh-XWfVHUqq5cnDyDGumzzDzN2vPOHG5jJwA&s,helmet,test
https://c2bfe19d1ca0edc50ce2-ce1e1891d5288622161b9aa342eed946.ssl.cf5.rackcdn.com/images/97743bf9-10f6-4357-8656-6538518e6796/warrior_covert-px2_helmet.jpg,helmet,test
https://c2bfe19d1ca0edc50ce2-ce1e1891d5288622161b9aa342eed946.ssl.cf5.rackcdn.com/images/97743c7e-72d0-4e15-8ad8-813aeb533876/bauer_5100_helmet.jpg,helmet,test
https://c2bfe19d1ca0edc50ce2-ce1e1891d5288622161b9aa342eed946.ssl.cf5.rackcdn.com/images/97743c32-fb4e-4562-a6e7-a95937124ea7/bauer_re-akt_helmet.jpg,helmet,test
https://c2bfe19d1ca0edc50ce2-ce1e1891d5288622161b9aa342eed946.ssl.cf5.rackcdn.com/images/9c355e17-5ec5-4a19-8255-00ba5ac9100d/wall_pro_mask.jpg,mask,test
https://c2bfe19d1ca0edc50ce2-ce1e1891d5288622161b9aa342eed946.ssl.cf5.rackcdn.com/images/9d3e5f0c-ec63-4589-a0c6-356fb4183375/vaughn_v-x1_goalie-glove.jpg,mitt,test
https://c2bfe19d1ca0edc50ce2-ce1e1891d5288622161b9aa342eed946.ssl.cf5.rackcdn.com/images/9bf0e977-2a5e-4119-9471-e43f26e0279b/true_h-z-r-d-u-s_goalie-glove.jpg,mitt,test
https://c2bfe19d1ca0edc50ce2-ce1e1891d5288622161b9aa342eed946.ssl.cf5.rackcdn.com/images/9d7cb3af-278e-479c-9240-002d7eb215a7/brians_optik4_goalie-glove.jpg,mitt,test
https://c2bfe19d1ca0edc50ce2-ce1e1891d5288622161b9aa342eed946.ssl.cf5.rackcdn.com/images/9c1b22aa-e8ba-4748-b81a-7f4e8fd4558a/ccm_axis-x-f-pro_pads.jpg,pads,test
https://c2bfe19d1ca0edc50ce2-ce1e1891d5288622161b9aa342eed946.ssl.cf5.rackcdn.com/images/9c1b2366-2f74-4601-8507-b65332f115bd/bauer_supreme-shadow_pads.jpg,pads,test
https://c2bfe19d1ca0edc50ce2-ce1e1891d5288622161b9aa342eed946.ssl.cf5.rackcdn.com/images/9c3569aa-ed99-4a00-9fb4-6cddc71aa604/true_l20.2_pads.jpg,pads,test
https://encrypted-tbn0.gstatic.com/images?q=tbn:ANd9GcSv2DBqlt4eOLYDQnev2J4a9igTFTaa8bJW6w&s,skates,test
https://c2bfe19d1ca0edc50ce2-ce1e1891d5288622161b9aa342eed946.ssl.cf5.rackcdn.com/images/9d283a33-60d0-4e6d-8c6a-9411dbe18086/true_custom-s-v-h-two-piece_goalie-skates.jpg,skates,test
https://c2bfe19d1ca0edc50ce2-ce1e1891d5288622161b9aa342eed946.ssl.cf5.rackcdn.com/images/97743c0a-8f37-4944-b175-61a98d14fee3/bauer_supreme2s-pro_skates.jpg,skates,test
https://c2bfe19d1ca0edc50ce2-ce1e1891d5288622161b9aa342eed946.ssl.cf5.rackcdn.com/images/97743c01-5910-4b01-a14b-e04d62e69696/ccm_jetspeed-ft2_skates.jpg,skates,test
https://c2bfe19d1ca0edc50ce2-ce1e1891d5288622161b9aa342eed946.ssl.cf5.rackcdn.com/images/97743cb6-940d-439e-8301-80f3c7e3df3b/bauer_nexus2n_skates.jpg,skates,test
https://c2bfe19d1ca0edc50ce2-ce1e1891d5288622161b9aa342eed946.ssl.cf5.rackcdn.com/images/9c354034-a53e-42fa-a505-93468d411fdb/bauer_vapor2-x-pro_goalie-skates.jpg,skates,test
https://c2bfe19d1ca0edc50ce2-ce1e1891d5288622161b9aa342eed946.ssl.cf5.rackcdn.com/images/9c635cd7-a8f5-47f5-bb14-3ceee8c351d5/warrior_ritual-m1-pro+_goalie-stick.jpg,stick,test
https://c2bfe19d1ca0edc50ce2-ce1e1891d5288622161b9aa342eed946.ssl.cf5.rackcdn.com/images/9c632d74-b8cb-45af-aa1f-18c7a9d157ea/ccm_tacks-x-f-pro_stick.jpg,stick,test
https://c2bfe19d1ca0edc50ce2-ce1e1891d5288622161b9aa342eed946.ssl.cf5.rackcdn.com/images/9c63430e-eebd-462e-b52c-7e87c9df288d/ccm_x-f-pro_goalie-stick.jpg,stick,test
https://c2bfe19d1ca0edc50ce2-ce1e1891d5288622161b9aa342eed946.ssl.cf5.rackcdn.com/images/9c5345e8-f2bc-4f7c-a85a-34b89f2eb207/bauer_vapor-hyper-lite_stick.jpg,stick,test
https://c2bfe19d1ca0edc50ce2-ce1e1891d5288622161b9aa342eed946.ssl.cf5.rackcdn.com/images/9c6b9b54-a326-4baa-92de-4ab1571ac261/ccm_ribcor-trigger8-pro_stick.jpg,stick,test
https://c2bfe19d1ca0edc50ce2-ce1e1891d5288622161b9aa342eed946.ssl.cf5.rackcdn.com/images/9e94d736-d4d4-4df7-a5bb-df901bf0e9e1/ccm_jet-speed-f-t8-pro_stick.jpg,stick,test
https://c2bfe19d1ca0edc50ce2-ce1e1891d5288622161b9aa342eed946.ssl.cf5.rackcdn.com/images/97743c16-2c2b-4b2a-bb93-ff6b2db3be05/ccm_super-tacks-as4-pro_stick.JPG,stick,test
https://c2bfe19d1ca0edc50ce2-ce1e1891d5288622161b9aa342eed946.ssl.cf5.rackcdn.com/images/9c272dba-b347-420e-becc-6db4e8eb7c3c/true_h-z-r-d-u-s9-x4_stick.jpg,stick,test
https://c2bfe19d1ca0edc50ce2-ce1e1891d5288622161b9aa342eed946.ssl.cf5.rackcdn.com/images/9c5577b4-4f76-4638-aee5-babfbf384765/ccm_ribcor-trigger5-pro_stick.jpg,stick,test
https://c2bfe19d1ca0edc50ce2-ce1e1891d5288622161b9aa342eed946.ssl.cf5.rackcdn.com/images/9c356acf-1a96-4d15-bb4c-37bde61a6237/ccm_v-r14_visor.jpg,visor,test
